gene,Hillucens SD1,Hillucens SD2,Hillucens SD3
ABY21735,0.526714,0.383849,0.284222
ABE69190,9.73035,9.10553,6.26236
NP_649210,21.7545,28.7963,22.0114
NP_726062,0.767073,0.516376,2.21147
NP_610167,1.56026,1.62105,1.34774
NP_001286886,0.844845,0.979727,0.962295
NP_650063,53.3895,27.7057,62.5164
NP_648971,2.2187,2.82525,2.716
NP_608579,1.33703,1.67623,1.64405
NP_649973,8.22899,5.2031,8.37287
NP_648780,2.28589,2.39089,1.94817
NP_650565,7.01833,3.95,6.47168
NP_647887,2.14007,3.94637,2.73536
NP_524551,2.87983,2.98564,2.9978
NP_608836,0.60015,0.531911,0.722164
NP_523702,0.603946,0.564105,0.485547
NP_647636,1.84575,4.09686,2.08964
NP_001286321,456.807,842.974,535.129
NP_572273,3.33714,4.47037,3.7921
NP_649212,2.24735,2.18155,2.353
AAL28855,2.49029,2.6739,2.16576
NP_524485,4.00182,3.52911,3.02824
AAA28789,15.4035,8.53223,18.5551
NP_611051,4.29493,3.75079,5.24578
NP_610475,2.17568,2.23023,2.40577
NP_647931,0.216447,0.973991,0.378005
NP_001261537,0.740709,0.995387,1.16045
NP_001262255,4.10459,5.93601,4.42287
NP_001260255,1.89377,1.68755,1.61963
NP_001163585,2.57263,3.25277,3.39711
NP_569971,0.304129,0.519356,0.589961
CAK95974,2.39523,2.35538,2.29644
NP_001188848,6.72421,6.63946,5.8811
NP_722721,46.9875,34.5294,74.722
AAV59185,3.27596,0.449238,3.35689
NP_001261404,5.87377,6.65888,7.19764
NP_610604,29.0186,29.7975,26.6328
NP_001259531,241.854,426.228,196.879
NP_722922,0.192172,0.202941,0.165503
NP_001014589,1.11754,1.29424,1.208
NP_001284957,0,0.41109,0.132465
NP_001246805,3.74569,2.87012,3.67118
NP_730244,2.11421,2.37738,2.06178
AAM50288,6.79427,5.39935,4.95204
NP_651456,8.61031,6.48143,9.4016
NP_001188681,11.914,10.5028,9.02156
NP_611273,0.300505,0.526919,0.426974
NP_001014708,0.876451,2.00168,0.917099
NP_001246537,9.13198,11.171,13.7008
NP_610705,2.81931,2.711,3.04396
NP_001261020,0.317333,0.433938,0.309735
NP_649710,0.746468,0.673543,0.837408
AAL48038,29.0549,30.7249,31.5783
NP_001262845,9.5101,7.11425,12.9354
NP_001247371,3.16388,3.09441,3.65151
NP_649889,1.13264,0.901144,0.752964
ABY20522,6.16635,4.89639,5.47461
NP_001303424,0.849201,0.707506,0.556558
ACN94197,1.06283,0.854668,1.58343
NP_650442,2.09143,1.78318,1.89992
AET07646,40.3513,27.915,38.6726
NP_001014654,0,0.246102,0.112476
NP_649589,1.25858,1.58638,1.54614
NP_001137877,0.678049,0.998128,0.717379
AAL48182,1.65427,1.57543,1.76866
NP_608841,2.68818,2.89564,2.83548
NP_610454,7.45861,9.3433,9.63012
NP_001162901,202.407,153.341,183.814
NP_001245976,9.87491,14.0051,11.97
NP_001286743,2.96587,4.50839,6.38451
NP_650991,1.30717,0.546355,5.70501
AAO39618,0.699726,0.783669,0.686214
NP_001097173,0.43598,0.7889,0.477191
AAM51120,3.03986,1.44311,3.32633
NP_650131,0.277418,0.115686,0.255314
BAF96746,0.243858,0.333079,0.830562
NP_573024,6.9481,12.7985,5.02088
NP_650121,8.08537,3.10344,5.0484
NP_733074,1.21766,1.163,1.06752
NP_730465,1.12935,1.04308,1.22252
AAL13972,2.32155,1.74111,1.77786
NP_651223,3.11717,2.67822,2.50769
NP_732404,4.69019,4.97169,4.47543
AAO41419,1.43164,1.51821,1.75314
NP_001260900,0.193593,0.153636,0.320645
NP_477454,3.07327,2.38105,3.15872
AAX59004,1.78553,2.44669,1.89675
ADF28788,3.78386,4.76021,3.25722
AAK93410,1.86729,2.23925,2.70824
NP_649465,5.77198,8.10228,5.63791
NP_996330,0.326026,0.179153,0.223094
NP_001260098,39.4885,15.1211,36.7633
NP_477468,1.18426,1.51032,1.45924
AAM50015,10.5399,22.5955,9.70367
NP_523366,2.84758,2.64898,2.96675
NP_001163512,1.36014,1.04002,1.463
NP_001262722,0.791658,0.565488,0.253745
NP_001245759,1.14461,1.04409,0.622321
NP_728830,3.07482,0.270375,0.41167
NP_511096,21.8218,16.3093,23.1641
NP_659573,11.2177,19.7182,22.1432
NP_523767,86.6396,49.6901,71.5391
NP_650686,0.906492,0.856037,1.07275
NP_001246361,10.0704,8.82737,10.0935
NP_001163564,2.65881,3.89974,2.4405
NP_610718,1.91252,2.86237,2.94824
NP_001286827,2.67739,1.89313,2.82337
AAL90389,3.13012,2.30571,3.26633
NP_523450,0.389859,0.134262,0.33122
NP_477424,0.732935,0.612351,0.561776
NP_572475,2.67871,4.4679,3.02858
NP_001246637,48.3729,20.8043,51.3965
NP_001163143,0.891396,0.957978,0.57961
NP_001285891,2.44247,0.729216,1.36032
NP_651136,0.397708,0.382728,0.339828
NP_001261465,0.227658,0.295224,0.518929
NP_001246993,4.0595,3.86503,3.9027
NP_733336,0.628919,0.814243,0.667949
NP_730632,22.205,29.1068,19.916
AAN71357,1.27383,1.7148,1.16017
NP_648303,0.0554008,0,0
NP_001246747,15.8865,7.21586,12.7118
NP_001261383,46.8659,38.6295,39.9052
NP_476778,66.9181,69.7756,39.9474
AAA29000,459.654,466.26,495.373
NP_001286247,36.0226,95.7796,35.5913
NP_723510,23.07,16.7684,21.9983
NP_001036408,0.260893,0.158802,0.086126
NP_733407,6.68351,7.01979,9.82853
NP_001027110,0.497764,0,0.230261
NP_476905,3.28468,4.02767,4.16595
NP_651435,1.19111,1.50749,1.2471
NP_001034071,3.49271,2.65556,1.9149
NP_572536,2.64132,5.14275,3.51381
NP_001285717,2.67634,1.56884,2.86276
NP_648211,9.49117,8.08897,7.85281
NP_647679,3.69225,3.46826,3.8523
NP_610851,4.31226,4.82588,3.88841
NP_001286094,1.21927,1.17829,1.26514
NP_611335,1.43059,1.99849,1.2567
NP_477385,38.6349,71.5323,35.9621
NP_001163400,5.32459,5.47469,6.85361
NP_610348,8.81475,8.2583,8.18036
AEV12238,6.21973,5.92943,7.61563
AAR96139,3.76942,3.51077,3.535
NP_001285543,1.51391,1.1717,1.60105
NP_001259752,0.966983,0.744235,0.791316
NP_001259525,0.246238,0.145035,0.179247
NP_648417,3.87846,2.70008,4.09405
NP_001246669,0.778935,0.054849,0.124426
NP_001027578,7.78063,8.25621,10.9872
NP_001246465,31.6482,24.506,32.6578
NP_001261794,7.74938,9.49472,8.44479
NP_477310,15.9311,15.1887,14.2216
NP_511168,4.62461,7.13603,7.47977
NP_651887,5.29431,4.84825,4.65533
NP_001284872,1.6787,2.84426,1.79279
NP_001287107,6.72025,8.28365,5.89195
NP_572197,0.653721,0.688064,0.64342
NP_611049,2.78913,2.76617,2.53076
NP_001262519,3.20245,1.84454,3.84536
NP_001033941,1.53922,0.763012,1.26669
NP_001259262,0.63881,0.566829,0.611729
NP_611162,0.681433,0.601629,0.55185
NP_650253,11.2602,8.77273,10.6022
NP_609186,1.7394,1.55109,1.4561
6XU6_CB,261.367,309.564,332.886
NP_001245708,0.264472,0.128779,0.182225
NP_001097680,3.55174,3.63902,3.38777
NP_610341,0.179645,0.263655,0.137956
NP_001287386,38.7148,29.7888,33.2837
NP_651668,2.48586,2.27456,7.76756
NP_001303317,69.717,22.7758,71.2732
NP_730100,0.267085,0.209761,0.166749
O77438,1.74671,1.32713,1.2018
NP_001260580,1.98746,2.2203,1.79941
AAM11288,10.8634,11.4817,11.2125
NP_731500,2.50067,1.91038,2.46973
NP_524907,4.06314,3.95206,3.65323
AAC46879,3.1468,1.88126,3.25314
NP_001245823,16.3471,18.2597,11.3948
NP_525083,0.874295,0.266148,0.362739
AAD08705,1.42068,1.283,1.38517
NP_729234,11.5405,11.794,10.6488
NP_001286742,1.89389,2.2399,1.61483
NP_001285282,2.78905,0.697451,2.90452
NP_650693,1.24962,1.48369,1.64763
NP_611650,1.56794,1.23841,1.46559
NP_649579,34.7684,6.31834,52.6038
AAN04293,0.679001,0.711267,0.576987
ACV88437,8.37674,10.0125,10.5629
NP_001027263,4.1436,3.00191,3.73369
NP_651326,8.49141,4.25961,6.9744
NP_001261474,8.76574,11.7976,11.2633
NP_523364,3.06232,1.89498,2.23649
NP_001259982,7.30661,5.10763,7.13451
NP_608995,8.26872,9.3047,9.57681
NP_476578,2.03226,3.96704,2.42803
NP_611955,1.03674,1.22042,1.26638
NP_001189224,0.235893,0.217003,0.0992671
NP_722959,33.2552,58.952,31.0747
NP_001369019,6.23353,5.69435,6.31397
ACT88125,57.8665,51.3352,68.3183
NP_001189177,5.59532,5.89318,5.9377
NP_609655,0.812247,0.71202,0.543179
AAN71318,1.34665,1.45507,1.08078
NP_001303342,4.09472,3.32804,2.57224
NP_001262459,3.16869,4.56083,3.15586
NP_477098,1.13233,0.932988,1.85563
NP_524654,0,0.130702,0.0481228
NP_651251,0.651271,0.578997,0.751523
CAA40804,66.8182,42.6355,80.6904
NP_649789,3.06514,1.61095,2.99685
NP_729380,163.967,61.9552,254.903
NP_001261296,0.488815,0.4992,0.382286
NP_001263095,62.098,18.8889,36.2596
NP_524161,0.917579,0.810186,0.813746
NP_652007,1.43649,1.4562,1.71248
NP_001286508,8.32541,5.51646,8.26846
NP_001163717,1.46896,1.57225,1.48025
NP_524199,0.844121,1.50718,1.18109
NP_651243,0.987396,0.83543,0.96728
NP_723811,2.85706,2.35682,2.5198
NP_001246384,1.06485,1.13393,1.0447
NP_001137821,1.03696,0.979927,1.12058
NP_726071,0.548512,0.673597,0.901658
NP_649216,1.50654,0.386464,0.57608
NP_731849,3.09332,3.28313,2.98131
ACY40036,30.8194,21.7271,24.7603
NP_650111,4.29115,5.38829,3.7436
NP_001287227,1.42275,2.13995,1.7418
NP_001097695,13.6582,15.2111,11.771
NP_608574,2.4694,1.36969,1.68961
NP_569910,0.80039,0.65854,0.798197
NP_523770,0.218116,0.194826,0.0508251
NP_651455,10.0799,19.604,12.8474
NP_001138030,1.05889,0.688492,0.664069
NP_001097110,1.51081,0.604851,0.582998
NP_001245573,0.338102,0.267271,0.0602876
NP_001262285,1.70787,1.52414,1.59911
NP_609503,2.08168,2.33766,2.60082
NP_511055,43.9386,21.9134,47.7096
AAA28509,16.0909,14.4653,16.1775
NP_650431,1.00407,0.516714,0.695522
AAA28730,0.819462,0.798441,0.850739
NP_611382,4.12765,2.09089,4.49034
NP_001163836,1.67742,0.334897,1.17112
NP_523561,0.472859,0.266458,0.17429
NP_001262380,1.56818,1.32365,1.59249
NP_001138168,0.359887,0.386819,0.323036
NP_996026,0.287844,0.575814,0.46021
NP_001036701,0.387919,0.572319,0.354536
NP_001285297,2.34759,2.1047,2.57775
NP_536791,3.54292,3.47219,5.73909
NP_788610,1.03618,0.347904,0.836538
NP_001284913,4.23317,4.78525,3.65087
AAM50097,4.85998,4.81958,4.74562
NP_610876,1.23626,0.944102,1.16065
NP_788051,1.4941,1.69743,1.43726
NP_001261818,2.62327,2.53761,2.69165
ACP44290,9.13239,7.81344,9.0828
NP_523760,0.284943,0.109253,0.374062
NP_001189267,0.746514,0.601929,0.608977
NP_477394,1.64284,1.51179,1.24026
NP_572740,1.24032,1.41428,1.41147
NP_001188572,0,0.166142,0.180176
NP_001260058,1.56657,1.82844,1.58539
NP_570062,0.513072,0.777139,0.954913
NP_001246877,42.5157,15.952,49.5622
NP_001162767,6.89738,6.08863,5.4199
NP_001260619,5.71236,4.07437,6.31862
AAM11409,2.94335,3.57489,3.02768
NP_648837,0.596607,0.40504,0.657727
NP_524999,2.30553,3.36181,3.61528
NP_611175,17.8951,15.8478,17.6509
NP_001356982,2.74254,1.48323,2.67886
NP_523932,1.16575,0.855962,1.34032
NP_610311,3.62769,4.41777,3.67733
NP_001034015,0.573867,0.459769,0.295258
NP_001246799,4.18639,3.9663,4.2398
NP_523830,16.5455,26.1377,16.0659
NP_001259407,7.80394,11.0193,7.60852
NP_647620,0.489829,0.563881,0.553337
NP_001260990,0,9.77E-08,1.42E-08
NP_648990,0.652476,0.730964,0.916548
NP_651400,25.7975,20.6415,18.4368
NP_724594,10.3133,9.84313,10.1009
NP_001261596,11.6436,9.93284,11.1657
NP_651480,0.141458,0.542335,0.147467
AAL39701,1.50087,1.99963,2.64074
AEB39622,42.1386,17.957,42.5001
NP_608619,1.2108,1.41446,1.32882
P41572,13.0486,4.28523,34.9477
NP_001014529,1.01421,0.909151,0.95127
NP_573096,3.64476,6.69635,3.38814
CAA41556,4.89802,5.11347,6.26673
NP_001027152,3.19134,3.9037,3.05602
NP_001247313,1.30511,1.01894,1.01126
NP_001286785,1.495,1.59597,1.49586
NP_996490,7.45157,6.67285,6.89334
NP_001261752,5.01915,4.85215,5.78492
NP_570023,1.41927,1.64075,1.0171
4CY3_A,0,9.73E-11,0.000382321
NP_610875,2.37523,1.78999,2.31755
NP_650854,3.54205,6.04203,3.91029
NP_001287463,12.2402,7.86535,11.6962
NP_524923,5.86003,19.1311,5.34989
NP_001262182,4.23088,5.44453,4.56973
NP_001285509,5.6485,3.38895,2.63606
NP_001097361,10.7353,8.43596,7.12319
NP_572549,1.30797,0.882946,2.73746
NP_649785,37.7751,47.8629,44.4833
NP_001285515,0.185393,0.232236,0.17979
NP_001286348,7.24733,8.42045,9.29622
NP_477225,1.42186,1.71245,1.42359
NP_572382,0.484769,0.661996,0.694122
NP_001285107,10.3635,9.62405,10.1502
NP_511152,4.46478,2.35659,4.36744
NP_609635,8.49648,6.51459,3.53322
NP_651137,4.2347,2.38142,2.74296
NP_001246778,25.632,15.6951,19.689
NP_610086,0.843599,0.819697,0.867737
NP_001015175,6.75516,5.78275,6.06698
NP_001286717,2.87493,3.00727,2.50664
NP_001285269,8.71854,6.92861,7.95715
NP_649931,0.119548,0.171039,0.121552
NP_649703,0.655421,0.501098,0.812659
NP_649026,0.716683,0.701999,0.73723
NP_001097957,3.63643,3.25622,3.37208
NP_001260905,0.267741,0.689719,0.659292
AAQ22396,2.72507,2.59246,2.57732
AED98569,2.74819,2.40555,2.17126
NP_477399,0.255371,0.452752,0.117337
NP_651206,0.124414,0.175088,0.0776848
NP_648954,2.72105,2.75898,2.39878
NP_648352,0.583918,0.593341,0.528463
NP_649827,3.10021,2.14209,2.01804
AAO42634,1.7533,1.63291,1.54488
NP_648749,0.303329,0.300124,0.161057
NP_001263092,0.358555,0.554285,0.558244
NP_647805,1.57634,1.65631,1.54906
NP_001262557,3.5552,3.00629,3.52087
NP_609378,3.04188,2.39825,2.65313
NP_650648,2.17756,0.545351,1.21056
NP_733366,6.49291,3.23059,7.37319
NP_609537,1.22092,0.787159,1.0343
NP_001247149,1.88397,1.43901,2.20041
NP_001286812,0.426703,0.770644,0.439303
NP_610952,0.514127,0.402321,0.589316
NP_573331,1.1915,2.10553,1.95869
NP_648556,2.06111,0.494005,0.805975
NP_651066,2.26621,2.24938,2.31327
NP_001162642,2.42603,2.48455,2.82577
NP_610599,4.15516,5.2944,3.83403
NP_649530,8.74063,6.11035,6.77471
AAR96198,5.2887,13.7521,5.71209
NP_001285404,124.009,77.3999,121.674
NP_001286489,1.77683,1.91619,2.00682
NP_001334731,1.0197,0.543272,1.20185
NP_651217,1.68257,0.936218,1.75996
NP_572215,1.077,1.68478,1.1671
NP_001262316,0.02552,0.180461,0.0612626
NP_001163370,1.1542,0.921701,1.13878
NP_650751,0.785544,0.931158,1.12476
NP_001285979,16.9982,12.0258,11.866
NP_001260339,0.287104,0,0.211001
NP_572297,0.0763406,0.253018,0.422653
NP_001284992,5.95245,6.19757,5.74697
AAY54936,0.501033,1.79578,1.66585
AAM49937,1.95665,2.72911,3.14399
NP_001284859,0.790989,0.518462,0.778783
NP_001286798,4.78336,3.96657,4.24276
NP_001262564,0.68881,0.786078,0.855752
NP_001262494,1.71392,1.30918,1.64233
NP_511068,2.67674,3.76704,2.90658
NP_609711,0.445212,0.41281,0.600321
NP_001036401,1.0289,1.61483,1.07009
NP_610431,4.37817,3.84626,4.0937
NP_647775,23.6914,13.8106,24.3207
NP_608834,1.34152,1.08684,1.27694
NP_651005,2.77463,3.38363,2.39338
NP_726358,10.3813,12.7398,11.0002
NP_611750,1.50201,2.3489,1.41057
NP_001259426,2.16018,1.66374,1.54711
NP_001189184,1.11295,1.11156,0.85022
NP_001285518,1.25301,1.49772,1.07262
NP_650124,1.01612,0.974418,1.19427
NP_609358,0.934611,0.664734,1.1478
NP_477462,7.61341,4.85557,5.96044
NP_647949,1.20805,1.00639,1.42821
NP_608375,73.7185,28.9485,57.4003
NP_732572,12.8317,6.90845,11.5816
AAL31972,7.35712,4.16158,7.56477
NP_611356,4.76516,4.31805,4.12359
NP_477332,17.3792,38.4484,15.3581
NP_724003,1.52554,2.72568,1.14752
NP_001137630,1.76253,2.03411,1.72767
NP_620471,0.923703,1.39077,0.888386
NP_001285218,0.987743,1.00015,1.0928
NP_001138076,1.98571,1.0989,1.42159
NP_650528,0.785805,0.293252,0.171815
NP_649156,1.98696,2.40524,1.84331
ACX70078,3.45127,3.30256,3.53773
NP_001036342,0.350111,0.749957,0.430894
NP_001246855,1.43016,1.56698,1.45619
NP_001259431,0.24704,0.971502,0.733619
NP_001247006,0.899619,0.90984,0.97344
CAL26517,1.15703,1.44297,4.76971
AFH41845,1.31239,1.19726,1.64108
NP_523805,0.874608,0.610908,0.620633
NP_001097863,0.73035,0.0765534,0.43421
CAA66076,1.79223,1.71737,1.90518
ADF28802,3.8198,2.94577,2.31378
NP_001261766,3.30577,3.87554,3.03623
NP_572160,1.98108,1.67724,2.11308
NP_726596,1.74563,1.90906,1.90226
NP_001137999,71.6623,20.1797,47.2551
NP_001163600,0.368298,0.108655,0.0295969
NP_608780,2.37215,2.62264,2.19315
NP_651960,1.41166,1.25696,1.53242
NP_732088,4.13964,3.179,3.20756
NP_788357,1.85785,1.7901,1.57946
NP_001260421,3.69398,5.14213,4.80662
AKD42955,15.9089,5.45018,16.932
NP_477481,1.60597,1.67447,2.06047
NP_649476,2.0298,2.62502,1.93545
NP_573288,1.64347,1.81545,1.88771
NP_572884,6.90723,9.88164,7.94453
CAL26308,8.17113,12.1257,7.67057
NP_001284767,1.80038,2.42244,2.03943
AAM50790,0.453702,0.467721,0.437156
AAK93057,0.848383,0.662217,0.712387
NP_650069,1.36164,3.77486,1.53697
NP_001285326,1.55872,1.46589,1.78195
NP_726775,10.2931,12.2337,10.7032
NP_001188542,3.71,1.17956,2.69815
NP_573055,9.55507,6.85839,7.69712
NP_731309,1.18712,3.85708,3.84998
NP_001262445,0.396936,0.331077,0.302832
NP_001096945,13.2786,21.4923,21.9831
NP_524450,7.82922,7.46588,8.16821
NP_001189101,1.04734,0.912364,0.873407
NP_609081,1.54059,1.63005,1.42461
NP_524463,35.5777,67.8034,32.5943
NP_001285492,2.40057,2.4306,2.8519
NP_001261597,0.907491,1.30463,1.00199
AAL48801,0.157702,0.151321,0
NP_651094,1.76508,1.24023,1.50035
NP_610178,16.1015,7.55412,14.624
NP_650248,7.35843,5.75852,6.8988
NP_608531,40.951,55.8553,41.4218
NP_001286131,2.43345,1.8456,2.45298
ACY79583,2.32936,3.15529,3.55246
NP_611084,0.262439,0.332331,0.312544
NP_001015132,0,0.231276,0.115554
NP_650440,3.93864,9.60397,3.97435
NP_611467,0.50545,0.390925,0.577429
NP_001262717,5.78774,4.87839,3.78433
NP_001097796,2.05149,1.6672,1.79174
BAB20792,0.604428,0.961538,0.825436
NP_723789,2.42559,5.03588,4.47439
NP_610223,3.38811,2.76491,2.87309
NP_001260595,0.275416,0.357753,0.181623
NP_524100,2.63118,1.69824,3.50896
NP_001262884,2.54192,1.81469,2.38063
NP_001303491,2.15622,1.99246,2.20511
NP_001284851,0.245909,0.355716,0.544858
NP_001259537,12.7134,21.6896,16.8534
BAA83721,0.119498,0.1357,0.0467146
NP_542446,0.583572,0.527445,0.6763
NP_001260832,2.34221,2.44414,2.86764
NP_001259941,0.558552,0.431005,0.512012
NP_477453,2.09147,1.78855,1.99577
AAL39987,0.348519,0.319826,0.0876522
NP_001163665,0.352127,0.418943,0.376724
NP_723738,0.254901,0.000824693,0.0282201
NP_610400,0.880342,0.568187,0.836051
NP_523429,1.55428,1.41799,1.55387
NP_651885,16.5873,15.7658,15.4463
NP_001259486,1.57684,2.41656,1.97794
NP_731238,2.21601,2.0554,2.11391
AAN71047,2.32017,2.18823,2.72757
NP_001285698,0.31006,0.236286,0.478438
NP_729803,7.4767,1.35902,2.6449
NP_727980,0.781496,0.904072,0.829374
NP_727311,7.84963,6.87159,7.25812
NP_569961,0.508217,0.391192,1.06992
NP_610288,2.18477,2.89303,2.84281
NP_001247400,3.03161,0.86646,2.01032
NP_728308,0.441202,0.332964,0.506825
NP_572488,2.7453,2.16234,2.80159
NP_001286053,48.8887,23.6699,14.1402
NP_611692,0.92644,0.787191,0.813165
NP_995833,0.75888,0.661803,0.775333
NP_648489,1.14628,1.03166,2.18202
NP_001097890,8.21752,3.84398,3.77487
NP_610968,0.0171974,0.253526,0.272996
NP_612047,0.69844,0.581275,0.581512
NP_001287387,3.42478,3.89601,4.01289
NP_524901,3.43721,2.49063,3.24479
NP_001259954,0.604175,0.0775062,0.270865
NP_572434,3.23134,2.49376,3.03536
NP_001036344,0.209491,0.392678,0.68714
NP_611832,0.0390159,1.20024,0.6082
NP_001246957,10.6396,10.1279,9.461
NP_572307,0.73608,0.527938,1.30128
NP_573360,1.29982,1.34494,1.96753
NP_611460,0.836612,0.366463,0.43775
NP_001285072,3.00011,4.65856,3.55112
NP_001014454,0.00845652,0.864253,0.405343
NP_001284993,0.393026,0.3938,0.609209
NP_001036276,117.281,40.7524,37.6824
NP_001284912,4.60944,5.94611,5.18042
AAM50550,2.28816,1.75733,2.17572
NP_995691,3.01262,5.16435,4.26367
NP_524001,1.51468,1.19761,1.28259
AAL49329,1.05783,1.21718,1.02512
NP_610019,1.12847,1.09598,1.19914
NP_730669,18.7026,15.5973,18.5247
NP_001259984,5.81319,5.18855,5.99173
NP_001163784,16.0547,12.0321,15.05
NP_523573,0.219532,0.115674,0.148609
NP_001259829,0.514985,0.270112,0.37671
NP_001285719,5.56529,8.65221,5.30758
NP_572438,0.286536,0.279738,0.435884
NP_524118,8.03468,7.32316,9.12174
NP_609670,3.62955,5.5769,3.42948
NP_001261892,2.64654,2.31534,2.38199
NP_647877,5.67591,4.36227,7.23735
NP_609151,17.7208,23.3487,21.3552
NP_001262932,3.46652,5.04462,4.26112
AAO39581,2.79531,2.7739,2.77327
NP_649580,0.911493,1.10593,0.860819
NP_477075,6.15453,5.1384,5.31983
NP_652032,24.8226,28.885,23.0637
NP_649090,2.75507,7.72379,3.51483
NP_001287070,1.16906,1.36292,1.13512
NP_001286846,1.68258,1.69707,1.74172
AAB95431,0.826431,0.924627,0.51195
NP_001014515,36.5299,44.7035,37.1084
NP_001163313,1.57176,2.35575,1.42935
NP_001260215,7.29383,4.5225,5.99699
NP_569850,2.59089,1.14808,1.71306
NP_610504,9.7966,2.85178,6.24648
NP_536731,74.9587,49.7567,74.6936
NP_001284801,0.709387,0.826132,0.870844
NP_651116,5.09683,5.59043,3.54332
NP_001259925,0.325003,1.31886,0.864845
NP_001287506,12.4597,8.07235,9.65044
NP_001097380,0.188434,0.155169,0.100369
NP_001245819,3.04027,3.39563,2.58208
BAA34397,15.5019,21.9133,19.1431
NP_001261248,8.07878,12.9534,5.7469
NP_649069,31.2848,40.3041,35.3402
NP_652610,3.10224,3.76673,3.20901
NP_001261008,0,0,0
ABB36459,6.04186,8.37451,6.36071
NP_001189058,0.633227,0.5245,0.436139
AAA28573,0.61357,0.6838,0.49812
NP_651356,0.920739,0.524781,0.754687
ABG02147,46.8267,31.638,43.8119
ABJ17078,3.63117,3.75385,3.45733
NP_573128,17.7972,18.1312,17.1725
AAL28441,3.8052,4.13805,3.81181
NP_001261847,3.615,3.12438,2.80379
NP_001189236,5.95735,6.47346,6.67651
NP_724095,0.0699225,0.236324,0.295554
NP_001188973,1.13736,0.441172,1.70824
NP_523568,5.26869,5.62032,5.31386
NP_001263027,2.8586,2.72275,2.71435
NP_001261083,1.41406,1.23853,1.46337
NP_730984,0.858402,1.15365,0.807603
NP_001286142,97.8952,74.8488,73.4025
NP_001245437,2.80545,2.40771,3.10056
NP_001262885,0.205182,0.0997166,0.196349
NP_608934,6.26195,5.52615,7.28288
NP_001303371,2.2508,2.34105,2.29059
AAF34688,2.0629,2.08704,2.01489
NP_001163767,0.822187,1.12389,1.04937
AAW83821,4.62085,8.66684,7.45465
NP_523898,1.15055,1.18927,1.30887
NP_523620,0.187549,0.221624,0.430038
NP_572356,0.136372,0.602792,0.172858
NP_001137610,5.94126,6.45088,5.78413
NP_726482,1.49539,1.1162,1.48345
NP_728822,1.14581,0.798142,1.12956
NP_611010,1.28628,0.774001,0.898058
NP_996288,1.2098,1.09935,1.19651
NP_524660,0.331946,0.507861,0.24968
NP_650685,5.06164,6.09654,5.10666
NP_609238,2.75951,2.66344,3.0979
NP_001260824,0.188338,0.330647,0.264818
AAX33422,0.900972,0.892172,1.00493
NP_647985,1.49266,0.221435,1.94852
NP_650705,1.00561,1.11328,1.02723
NP_001096954,5.61194,4.22389,5.08825
NP_001260299,5.30064,4.77632,4.50224
NP_001260473,11.3413,11.9327,7.6178
NP_001188576,2.20061,2.47824,2.02589
CAC82994,7.70027,7.35646,8.54446
NP_001287560,1.6665,1.34241,1.33119
NP_648462,2.3884,1.45791,3.27253
NP_523719,3.75675,4.00556,3.51863
NP_511170,0.188001,0.19799,0.170166
NP_524075,3.06677,2.29986,2.51014
NP_001261257,2.12939,2.6005,2.3741
NP_572320,13.595,17.2637,16.8641
ACV88436,1.34791,1.05883,1.31289
AAA85908,6.23824,7.2192,5.21037
NP_649304,4.69178,8.31964,4.30931
NP_650724,13.0033,6.18201,10.3204
NP_001286547,0.687595,0.568553,0.67383
NP_001259536,0.277679,0.427886,0.346771
AAL40003,1.03449,1.32901,1.29419
NP_609382,6.58424,7.69439,6.53287
NP_523588,1.38997,1.10076,1.10433
NP_001260128,32.833,19.8498,22.8759
AAQ22398,1.00412,1.01678,0.989354
AAY54856,1.62069,1.86874,1.55902
NP_001246745,12.7669,11.1501,8.59145
NP_524427,6.55172,7.12091,6.48636
NP_572947,1.18421,1.15223,1.11964
NP_608648,0.990902,0.71626,0.788146
NP_609579,7.21961,8.11626,6.61818
NP_523357,0.470742,0.401954,0.489563
AAX33453,6.59873,5.99235,7.91271
AAD26161,1.00789,0.966299,0.936085
NP_650428,1.2087,1.50628,1.3346
NP_611091,0.72414,0.906031,0.791407
NP_729910,2.80231,3.17509,2.90334
NP_652145,45.8179,30.1669,81.1579
NP_788448,3.31818,4.32498,3.00909
NP_647829,0.696026,0.711297,0.428565
NP_001096967,1.72973,1.89524,1.71075
NP_001287175,0.621205,0.616016,0.712559
NP_570025,2.71813,2.54306,2.68093
AAM50807,0.368642,0.326362,0.312342
NP_649899,4.12914,2.86587,4.03513
ACU45752,0.182718,0.188175,0.40353
NP_651717,7.4316,6.36735,5.92081
NP_651605,0.694187,0.60986,0.787968
NP_001246685,2.28053,3.34709,2.69716
NP_788288,9.46048,13.4081,10.0907
NP_001246599,3.81131,2.12017,3.72821
NP_477268,1.48261,1.41696,1.40077
ABC86523,0.557133,0.269978,1.25432
NP_788735,0.495603,1.34652,0.477939
NP_524494,6.30777,4.32898,6.20735
NP_001163501,0.159577,0.482346,0.269831
NP_001303457,7.24567,9.27275,7.47939
NP_001036448,1.58899,0.380045,0.706057
NP_001285224,1.61657,1.79354,1.72484
NP_001162682,21.036,15.8139,11.5245
AKD43121,0,0.396253,0.644695
NP_001260457,7.19699,5.78345,6.15859
NP_001285048,2.31331,2.40808,1.91686
NP_524938,12.1512,10.4735,13.0812
NP_572354,3.21346,2.63942,1.98872
NP_001261118,0.382321,0.225307,0.604007
NP_001259362,1.06123,1.05645,1.00972
NP_524785,0,0.127127,0.059803
NP_788494,1.9288,1.65479,2.03013
NP_001259908,2.10687,3.5709,2.77069
NP_001259707,1.43609,1.73493,1.75812
NP_001261745,0.661679,1.47783,1.16803
NP_001262496,3.53888,4.37347,4.3297
NP_001260530,4.34663,3.7127,4.80754
NP_523388,0.736961,1.62091,1.20686
NP_001262397,2.21974,1.98351,1.93036
AAF34698,1.87445,1.78888,3.65296
NP_523734,0,0.0646159,0.128247
ABV69001,37.4592,54.7129,53.1804
NP_001262696,1.94932,2.12034,1.67053
NP_001259576,0.744743,1.09661,0.676599
NP_001285302,0.258878,0.304782,0.0593502
NP_001246323,2.0184,1.21392,2.45651
NP_648783,0.739536,0.657272,0.553157
NP_001188977,0.778238,1.28109,0.559048
NP_726351,0.0872974,0.170928,0.127341
NP_609299,80.3594,34.3991,57.5155
NP_477118,1.27929,1.4925,1.24581
NP_477040,1.2885,1.07077,0.700215
NP_728876,0.748214,0.747776,0.540231
AAA85120,0,0.281323,0.183271
NP_477378,72.3431,28.736,55.4826
NP_648090,4.02487,3.24722,3.20451
NP_001303455,1.93553,2.338,1.94446
NP_001303316,5.35738,5.08733,4.34762
NP_477448,8.78911,11.1081,7.96592
NP_788518,10.3854,12.813,14.0144
NP_730427,2.87363,2.98489,3.01336
NP_001097501,2.61107,2.88532,2.48072
NP_001286076,6.92777,5.68833,6.64807
NP_001245748,0.341588,0.344566,0.441678
NP_732013,8.88052,12.1448,8.25511
NP_001262294,19.824,15.8673,19.0617
AAF00577,2.5766,3.06123,2.84252
NP_651365,7.88615,23.4929,6.43127
NP_572236,0.213058,0.0804575,0.496037
AAC72898,4.18312,3.77845,2.39979
ACX30015,1288.78,4490.81,1671.1
NP_001162897,7.46812,6.35772,6.36358
NP_648553,29.1396,47.5721,27.8307
NP_649835,5.40359,5.88161,5.90476
NP_001259552,2.05082,3.31755,2.08361
NP_476932,2.30278,3.17808,2.282
NP_511147,0.664292,0.635417,0.553294
NP_724277,0.839724,0.599924,0.528456
NP_001246081,1.48001,0.93902,1.4425
AAV36836,1.71271,1.89732,1.71934
NP_001261472,2.76782,1.67932,1.83785
NP_788056,1.93235,2.44603,2.3651
NP_649868,1.6981,1.28505,1.41471
NP_001286055,1.1022,1.2639,1.33908
NP_611531,0.479482,0.597256,0.326358
NP_732900,4.10039,3.22716,4.51793
NP_610545,3.41526,2.48842,2.23762
ACX47666,0.891172,1.15894,1.05272
NP_728162,2.67871,1.99745,2.33276
NP_572826,5.70843,5.31697,6.09812
AAV36855,0.419703,0.345489,0.331752
AAL68379,3.74029,5.66662,4.08482
NP_001033857,3.3955,3.71182,3.2532
AAB18341,1.88276,2.61834,2.30572
NP_729220,0.424915,0,0.2213
NP_001163304,0.708959,0.904078,0.815322
NP_610470,116.902,108.232,132.273
AAG44910,4.91151,4.84972,6.23137
AAF18436,4.56466,4.00246,4.55077
AAM50251,1.48499,1.1628,1.18085
NP_611968,7.24614,11.3852,5.94699
AAM49824,4.74091,4.44126,4.93543
NP_001097372,2.57794,2.60707,4.36812
NP_001287306,0,0,0.575517
NP_476946,2.53012,1.97565,2.37136
NP_996404,1.93826,2.04759,1.90992
NP_608573,1.45624,1.22856,1.92985
CAK95921,0.0248834,0.112235,0
NP_650694,2.62416,2.39068,3.83194
ABW87508,1.42997,1.24549,1.54489
AFX62870,0.656855,0.223687,0.605429
NP_723700,1.49695,1.6081,1.59888
AAF24767,0.420318,0.360614,0.46116
NP_650840,5.43926,4.53321,6.42354
NP_612093,4.83806,4.2347,4.1038
NP_651750,3.87399,5.53469,3.88211
NP_001097943,8.21272,7.3483,8.05914
NP_652607,0.878064,0.751161,0.69955
NP_001286788,3.20302,2.33592,2.14394
NP_001262361,1.11265,0.926269,1.35022
NP_001247392,5.11375,3.85151,4.87278
NP_524330,0.523086,0.478076,0.532915
NP_001188958,30.9178,17.2313,19.2332
NP_001369025,4.6409,2.85301,3.66199
NP_001284829,2.29005,3.00607,4.91938
Q9GYV5,7.54743,14.0483,9.09136
NP_524493,8.18897,5.84268,7.20354
NP_001262400,1.06091,1.01958,1.05692
NP_001262599,1.88471,1.48235,1.96497
NP_001259548,2.02931,1.35023,1.66346
NP_524332,8.2279,9.55839,10.3471
NP_001097638,0.26018,0.225304,0.497931
ABY21744,4.79505,5.28399,4.50865
Q8MKW7,0.754062,0.653516,1.03368
NP_610117,0,0.402682,2.93E-05
NP_610953,1.06537,1.1733,1.12302
NP_001163558,37.3639,9.72902,25.174
NP_523790,1.06149,0.968603,1.1988
NP_609709,2.20807,1.89998,2.1363
NP_726025,17.8327,17.2745,20.7116
NP_001014665,9.63693,6.17517,10.9173
NP_611207,2.18304,3.57026,2.20147
NP_609877,2.28759,2.87846,1.7275
NP_611351,4.19504,4.39084,3.65347
NP_648904,14.6043,12.7242,11.5311
NP_572217,1.46103,1.56506,0.888467
NP_001259129,2.1059,2.47079,2.28075
NP_523451,1.18672,1.11307,1.05627
NP_648945,0.471008,0.257521,0.251267
AAA28721,0.536513,0.743504,0.315786
AAM48343,1.41123,1.44494,1.52735
NP_001260310,2.06378,1.95991,2.24044
NP_524274,7.36248,8.66205,8.0877
NP_725103,109.261,158.11,132.163
NP_001261351,7.60757,10.2461,8.40836
NP_001262947,0.483407,0.858472,0.66721
NP_723538,2.53816,2.464,2.33308
NP_001163479,81.4184,56.3412,86.5111
AAK93519,4.16676,3.95556,3.40793
NP_610501,5.61702,4.11637,5.29658
NP_609305,27.9685,56.1252,26.9543
NP_728811,4.21942,5.12324,4.89904
NP_611966,0.602056,0.429255,0.545631
NP_648408,3.53062,3.37441,3.2205
NP_651659,3.14117,4.06183,3.37072
NP_524905,1.90049,2.0596,1.94311
NP_648669,1.1863,1.271,1.13165
NP_001260510,87.8148,80.916,91.2586
NP_001262996,20.58,20.8813,12.9058
NP_001036766,8.24445,6.82575,7.489
NP_611306,1.15256,0.620038,0.894132
NP_610807,1.29531,1.13683,1.62663
AAL13786,6.84518,12.2921,7.11192
NP_001163430,2.23363,2.05264,1.79862
NP_523926,2.31617,2.631,2.18238
NP_730171,18.3142,45.8471,19.3225
NP_477420,0.177106,0.200831,0.565158
NP_648776,11.9927,13.5257,11.8574
NP_001262542,0.796144,0.781916,0.87177
NP_611463,1.52324,1.06677,0.993384
NP_648222,2.49185,2.66899,3.11323
7DXI_A,3.18542,2.11195,2.74512
NP_609060,3.57655,3.05336,3.38077
NP_001259998,16.0874,12.0036,12.8948
NP_001247287,1.5219,0.647662,0.942937
7JGR_D,0.392469,0.275497,0.164948
AAS93725,0.532079,0.870743,0.597776
NP_001285077,1.77402,1.52453,1.52853
NP_611121,2.86261,3.17355,3.13988
NP_573076,24.2731,22.7468,21.4714
NP_001259742,60.0533,47.0197,53.19
NP_612019,0.250674,0.218439,0.309543
NP_476586,2.09232,2.76335,2.23855
NP_001285398,24.0364,19.0051,27.3576
Q9VP61,2.15884,0.882039,2.65906
NP_001287471,1.83157,1.10403,0.835091
NP_725809,0.526014,0.60343,0.974243
NP_001286069,1.39905,1.42061,1.23546
NP_001261782,3.38085,3.6552,3.13953
NP_611363,1.39786,1.10692,1.31645
2VHH_A,5.99321,4.3968,4.81941
NP_650583,2.76273,3.15895,2.72155
NP_647865,16.1105,10.5345,12.1116
NP_733209,1.13005,1.2661,1.22255
NP_609533,4.83421,5.60928,5.58265
NP_001287339,5.98865,6.2527,5.42694
NP_524651,1.93888,1.55587,1.81053
NP_730435,0.383204,0.199364,0.244274
NP_001260930,34.2508,45.346,36.5142
NP_001096883,2.0713,2.31834,1.8586
NP_611535,1.51673,1.58667,1.62473
NP_731192,3.21858,3.45643,3.09716
ADV19030,4.644,3.66243,5.145
NP_524246,5.19422,10.6534,6.00836
NP_001189074,0.155412,0.496581,0.180019
NP_523791,9.60556,14.0638,11.1861
NP_648171,4.85412,6.07478,5.68671
NP_651340,4.06806,4.48526,4.25435
NP_730600,0.798731,0.632606,0.666391
NP_611600,5.51104,3.16657,5.35129
NP_001036548,0.624257,0.67452,0.60279
NP_732623,0.623707,0.296072,0.24698
NP_650948,1.76924,1.79552,1.97172
ACI97143,1.26795,1.03527,1.36492
NP_731967,2.63005,2.92364,3.32344
AAF14115,5.06239,6.1574,4.47913
NP_476594,11.0864,7.39171,9.26205
NP_001260333,7.71272,8.31445,6.97946
NP_476980,1.31553,1.65318,1.4602
NP_722831,2.15769,5.29451,2.20235
NP_524182,0.0564555,0.129993,0.0860733
NP_001287413,10.434,10.1829,11.0511
NP_650918,7.27452,19.9315,12.6161
NP_001260276,12.4193,8.85927,8.82523
AAT94509,2.64869,2.92725,2.92216
NP_648586,1.00645,0.985968,0.915415
NP_524295,0.598051,0.602055,0.536775
NP_611884,1.82113,2.03897,1.87543
NP_995869,2.04205,2.32265,1.99839
NP_611302,3.32274,2.45504,3.62725
NP_649305,7.88792,6.58469,6.96477
NP_650257,2.69626,2.2374,2.35162
NP_001285915,350.758,284.811,483.7
NP_610111,147.532,138.295,119.674
NP_001246321,2.36272,3.16786,2.14329
AFY04291,15.3378,11.5487,13.3154
NP_001259213,1.59768,1.68102,1.54119
NP_477030,2.19326,2.02342,2.04435
NP_523528,207.357,58.8751,121.858
AHL21638,1.48846,1.6314,1.51942
AAR82776,4.42681,4.01463,4.61885
NP_650530,0.673697,0.702855,0.698454
NP_996246,0.640732,0.495063,0.736508
NP_650898,10.7884,7.81341,11.2362
NP_001137988,3.68986,5.27573,4.10559
NP_611608,1.09726,0.687221,0.898429
AGW30431,1.83315,2.91724,3.10713
NP_649847,1.17859,1.11758,1.22211
NP_001245409,5.40392,2.41436,3.97897
NP_001285190,2.71802,4.40259,2.16558
NP_609237,1.67252,1.53407,1.45869
NP_611439,0.556861,0.633098,0.429681
NP_001261999,0.636959,0.474726,0.416962
NP_572162,1.31197,1.54298,1.78133
AAO41438,10.37,6.62143,8.23859
NP_610854,2.46795,1.26352,2.33456
AAM48442,4.19933,5.82653,4.71215
AAM11013,16.8314,16.6053,19.3096
NP_609105,0.270246,0.131024,0.395907
NP_649909,2.92688,3.5717,3.41549
NP_524471,1.22998,4.95574,2.98306
NP_001189282,15.2987,3.28872,9.17115
NP_648588,9.79294,8.38419,6.09832
NP_609632,1.25875,1.25098,1.31657
AAN71363,4.057,3.83485,2.12169
NP_001287483,0.250904,0,0.219014
NP_523756,1.85897,1.13567,1.20222
NP_651288,1.92546,2.6225,1.78037
NP_609075,30.4618,6.2803,18.3024
NP_524780,12.495,9.52082,12.937
ACD99578,1.47232,2.1731,2.0136
CAA71871,1.9475,1.78401,1.05776
NP_650055,15.8642,22.9864,15.4416
NP_001263013,3.33991,3.47712,3.2343
AAK92994,1.1316,1.33236,1.11507
NP_001163309,1.52111,1.7083,1.94232
NP_001097041,0.084035,0.111389,0.209767
NP_610333,9.57502,10.3683,11.5871
NP_608804,0.116261,0.457047,0.568886
NP_649258,11.7989,12.564,11.2203
NP_001286125,4.78885,4.34397,4.03875
1HX8_A,2.76069,2.20295,2.37576
NP_001287067,6.14185,16.5671,5.95398
NP_001262259,27.9188,59.1944,21.6303
NP_727320,7.05166,12.447,7.76098
NP_001014479,1.5522,1.45704,1.71939
CAL26006,6.8463,6.00891,5.41894
NP_001286906,0.738755,0.790099,0.96562
NP_524219,3.16015,3.08085,3.31801
NP_001259979,1.72958,1.99085,1.87039
NP_609446,0.968153,0.921413,1.28937
AAR82755,21.5803,12.5896,23.8202
NP_524836,16.2489,12.6625,16.5178
NP_608608,3.59354,2.84626,2.48424
NP_001287215,6.37312,5.43446,6.44071
NP_476593,1.42355,1.38348,1.50255
NP_649412,0.75312,0.547325,0.373591
NP_788084,2.52538,1.83844,2.54871
NP_649890,0.90692,0.441778,0.424798
NP_525117,1.35341,1.37394,1.83195
AAQ22397,2.07031,2.71272,2.30358
NP_001261391,8.27179,3.36001,11.3995
CAL26357,8.01552,7.62333,7.54252
NP_477123,1.726,1.68188,1.6239
NP_001245829,0.363918,0.296579,0.195358
NP_001137769,15.2755,12.2391,12.6925
NP_001260059,3.25166,3.1486,3.02065
NP_611087,6.11873,3.97153,6.97102
NP_001286545,32.3884,54.078,29.9632
AAO39559,1.11903,1.20739,1.6815
NP_001259575,0.573439,0.504251,0.501167
NP_001163476,4.34015,3.82417,4.15483
NP_001163161,1.67753,1.24618,1.35797
AAL13990,0.253175,0.0258062,0.354178
AAM50008,2.22874,2.14611,2.36846
NP_001334704,0.510473,0.487578,0
NP_650702,3.03016,2.80257,3.19532
AEQ28952,2.436,2.70791,2.81138
NP_725445,7.58464,7.81837,8.95419
NP_001284899,1.5163,1.44778,1.53445
NP_649438,2.8435,2.91352,3.58736
NP_650542,1.48348,1.4716,1.63223
NP_524214,5.26199,5.87732,5.62031
NP_001246231,24.131,10.459,19.8542
NP_001284813,6.75073,8.92054,8.31142
NP_001014647,0.363491,0.19153,0.214199
NP_728686,2.23205,2.10972,2.03928
NP_651218,1.38975,1.57952,1.99513
AAK92995,0.268567,0.151526,0.0560853
NP_610795,1.74416,1.46733,1.39477
NP_001261924,0.187583,0.311727,0.347981
NP_610418,6.61387,9.28364,7.80996
NP_651655,1.334,1.32296,1.37443
NP_001246838,7.23789,6.29056,7.07557
NP_524048,1.14336,1.17769,1.06418
AAL39330,1.82025,1.90691,1.64981
NP_001261584,0.764614,0.493793,0.764105
NP_001262037,1.70235,1.12093,1.97152
NP_001285488,9.58956,6.2652,9.53891
NP_001287388,1.90771,1.71274,1.75779
CAB51031,2.57683,3.75066,2.71962
NP_610055,5.1114,4.97766,9.52084
NP_523735,0.64812,0.171576,0.833166
AAL90257,4.68698,3.43023,5.04495
NP_511145,5.08792,5.35847,6.52796
NP_651228,1.79727,1.44413,1.48757
NP_001033884,4.33662,4.49326,4.42635
AAM11006,6.03088,5.94222,6.09452
NP_610120,1.84074,1.46934,1.72023
NP_001261995,2.79775,3.27193,2.75346
NP_001188593,2.66972,2.28779,1.92607
NP_610087,0,0.0403864,0.439213
NP_523408,1.70464,2.24871,2.0406
NP_609371,4.53431,5.39081,6.6559
NP_001303380,1.34569,1.8612,0.999508
NP_651208,4.08572,2.59623,2.41747
NP_523510,1.27474,0.203686,0.663899
NP_001286613,0.235613,0.361138,0.0834408
NP_001245926,0.371317,0.249666,0.438707
ADL40960,0.981928,1.56726,0.921806
NP_001259887,1.51413,1.50343,1.68847
AAK93574,0.755057,0.912568,1.08021
NP_651135,2.34685,2.00188,2.20923
NP_523422,1.45549,1.59221,1.21061
AGW25615,5.04441,4.26468,6.72785
NP_648550,1.19785,1.12636,1.32313
NP_723870,0,0.27223,0.289521
NP_001097437,13.0104,13.4297,11.649
NP_651582,15.0317,25.4077,19.0955
NP_524366,3.33495,3.87646,3.5663
NP_001285453,1.43808,1.41191,1.71111
NP_001261638,1.04267,1.06263,0.915328
NP_647623,1.38079,1.52006,1.5275
NP_001188912,1.47714,1.44712,1.22747
NP_650503,1.15555,0.299933,0.710592
AAM12297,1.61224,0.559606,1.79124
NP_477395,6.818,5.05903,6.59591
NP_001260519,4.83099,6.10584,5.49262
NP_648918,111.816,57.3017,149.704
NP_001014572,1.63764,1.71604,1.97983
NP_609029,11.6398,8.14136,11.4141
NP_648597,7.27855,5.33539,5.24367
NP_611232,3.22143,2.67218,3.52956
NP_001286475,4.79219,4.92121,4.74518
BAB69959,1.87369,2.73434,2.71969
NP_476819,3.23999,2.77193,3.33331
NP_524900,1.4267,1.46741,1.24146
AAM50004,1.39268,1.14913,1.31152
AAC28407,5.4359,5.05539,4.94621
NP_001287284,6.33334,7.13416,5.80273
NP_001246671,2.31515,2.78634,2.54541
AAM11368,0.470594,0.655535,0.783023
NP_001285267,4.07179,3.90656,2.59743
NP_651781,16.0654,22.6736,24.9559
NP_001189230,0.985976,1.43132,1.29049
NP_001260964,0.41407,0.541895,0.508836
NP_524359,1.28845,1.12062,0.952966
NP_001163445,20.3142,6.59408,18.1981
NP_001286950,1.96214,1.72844,1.6783
NP_649470,10.0478,22.8379,12.7939
NP_609413,2.55866,2.37192,2.30709
NP_572303,0.86942,0.544984,0.810488
NP_001246101,2.64207,1.72936,3.20165
NP_524653,0.97919,1.21221,1.0252
NP_001259592,3.65985,4.5435,4.03962
AAC12945,0.176008,0.102225,0.170727
AAC46462,3.10592,4.91017,2.63178
NP_476667,126.484,188.912,148.363
NP_477370,7.65016,2.62675,6.75979
NP_001262895,4.70432,3.24978,5.34613
NP_723072,0,0,0.222538
2X6F_A,2.65407,2.60358,2.21949
NP_001245400,0.618952,0.523668,0.607737
NP_001247239,6.43307,4.58753,3.44618
NP_650501,178.213,97.0443,180.823
NP_648657,2.87159,4.06896,2.38631
NP_477150,4.04561,3.55198,4.03944
NP_523369,0.538349,0.650951,0.513478
NP_001259851,0.0756389,0.127815,0.11416
NP_610526,0.61789,0.536916,0.823656
NP_001260556,2.41802,2.68929,2.52457
AAL29148,2.23917,2.4804,2.82865
NP_524337,2.88272,4.62627,1.38097
NP_609397,24.4678,15.508,18.0785
NP_001287214,13.4268,16.7334,13.2438
NP_001284756,0.468613,0.530406,0.600767
NP_001260089,0.365616,0.703319,0.438199
NP_001259905,2.26655,2.20253,2.29789
NP_477019,0.116874,0.236005,0.341933
NP_001162967,6.03381,4.5144,4.06345
NP_651922,1.54465,1.86062,1.90139
NP_001163354,0.367849,0.475096,0.492696
NP_001285589,5.71003,2.37848,5.81425
AAM52735,1.45927,1.20587,1.48552
AAM20923,0.941672,1.04987,1.08372
NP_572861,5.52125,5.26183,6.08872
NP_651529,5.72959,6.24488,5.33944
NP_001247286,0.06744,0.0354813,0.0720795
ACX54880,3.51801,4.81297,4.79195
NP_609079,0.60227,0.413553,0.462301
NP_649519,3.2268,3.71316,4.11799
NP_609648,1.14274,1.13728,1.16328
NP_609058,13.8689,11.9488,12.6735
NP_001261081,2.94176,3.20367,2.87865
NP_995827,0.247122,0.167247,0.18297
NP_001259418,1.3471,1.44359,1.43045
AAL48097,0.202091,0,1.15789
NP_523400,12.2112,12.0243,12.4721
NP_001036360,6.63495,5.66819,5.60359
AAA67715,4.76282,5.57318,5.90317
NP_650805,0.383292,0.137132,0.379621
NP_001137674,0.718379,0.0882696,1.40826
NP_001246454,0.420898,0.598984,0.65542
NP_001261468,2.64286,2.46208,2.23889
NP_611735,0.851379,0.907003,0.829227
NP_001163018,0.539024,0.480064,0.462473
NP_001245852,5.04221,5.63841,6.79064
NP_573025,0.54587,0.573173,0.577559
NP_001163387,0.621685,1.21445,0.948478
AAX33535,1.32067,1.09511,1.18087
NP_647858,5.60671,8.50271,5.5983
NP_001260114,1.43168,1.02542,0.977891
NP_477153,315.421,1140.45,527.78
NP_477159,37.9934,34.8206,40.1288
NP_651314,5.34156,5.05933,5.26704
ADC41872,0.570071,0.586414,0.360776
NP_001284744,0.335353,0.239439,0.225488
CAB77666,8.29615,7.31927,8.17928
NP_573330,1.52552,1.85344,1.32682
NP_001285570,0.5816,0.334185,0.497341
NP_609548,2.71975,2.1856,2.20754
NP_648724,0.959447,1.18964,1.10594
NP_001247347,9.18304,8.13153,8.482
NP_001247130,1.75226,1.6481,1.93007
NP_001262978,0.69582,0.758747,0.814623
NP_610095,1.82785,1.63642,2.12596
NP_650752,6.47267,8.73021,6.20674
NP_001287182,61.8499,56.519,60.9633
ADX35949,0.491723,0.492438,0.535939
NP_001284722,9.2773,7.85388,8.5142
NP_001246491,4.13716,3.23569,2.68697
NP_647705,1.68569,1.75432,1.69586
NP_477291,3.65752,3.10795,3.55706
AAM52041,1.7887,2.02001,1.56785
NP_001163721,5.35482,4.77592,5.66197
AAN71641,0.902151,1.02709,1.00393
NP_648621,2.4745,3.263,2.77172
NP_001162645,7.17784,3.44761,5.73841
NP_001259657,0.854481,0.89632,0.803465
NP_572360,2.21148,2.36817,2.13809
NP_001263131,0.638286,0.822839,0.592967
NP_001188668,3.78358,5.44663,5.76023
NP_001261610,3.29389,3.66343,2.8338
NP_650447,2.17592,2.31428,2.27743
NP_477436,0.925416,1.16976,0.765091
ACV44467,23.2547,28.4136,28.3423
NP_524151,9.2133,8.90068,8.31196
NP_649347,3.53479,3.5461,3.1737
AAL68384,1.67109,1.69659,2.10252
ADH29885,1.07601,1.10278,0.868279
NP_001246500,1.77542,1.40814,1.48345
AAV36965,0.547768,1.22638,0.892243
NP_001260609,2.39381,3.31908,2.4669
NP_001246899,20.9433,17.3274,39.6435
NP_001260903,0.669021,1.00217,0.673082
NP_648976,3.6903,4.63683,4.42289
NP_477212,1.4554,1.64764,1.73372
NP_001285928,6.70906,12.0166,7.73882
NP_611675,1.65315,1.23808,1.92007
NP_523701,2.17335,2.30091,2.19358
NP_610746,1.58275,1.56104,1.38624
NP_001287347,0.136319,0.198862,0.349736
NP_609486,0.383748,0.212768,0.375008
NP_524480,1.22403,1.12569,1.50696
NP_731688,2.43278,2.67827,2.65106
NP_001262679,1.70922,2.00864,1.8592
ACZ54681,7.68611,5.70965,4.72447
NP_001286919,11.0081,15.8594,14.7308
NP_732263,0.601598,0.572753,0.564928
NP_001260781,4.59628,5.73281,4.17344
NP_732110,2.92515,3.28867,2.84228
NP_730941,1.16688,1.31,1.33961
AAL39969,1.60026,1.57211,1.77979
AEE42687,5.60221,5.34298,5.33768
ACX85645,1.81542,1.7674,3.50809
NP_651763,0.697221,1.3563,1.05034
AAK92955,1.62678,1.39311,2.17544
ACX61603,2.27583,2.2152,2.07648
NP_001284879,3.62247,3.40652,3.87831
NP_723879,0.891321,0.869812,0.62972
NP_611095,3.50821,2.04127,3.72286
NP_524061,0.560562,0,0
NP_001259317,2.14674,1.5601,1.65272
AAN71231,1.16738,1.13907,1.0427
NP_570014,4.60743,5.37923,5.05772
NP_649337,3.71216,3.22485,3.51157
NP_724569,4.25938,6.72631,5.93786
NP_647681,1.20015,1.28939,1.10424
NP_001286048,0,0.133435,0.269345
NP_477296,2.34663,1.21907,2.32523
NP_001163560,7.40817,8.37081,7.30967
NP_731473,1.84313,1.30823,1.48486
NP_001284967,0.620284,0.508203,0.571861
NP_001245928,29.4912,29.6237,25.9376
ACN62430,9.39962,9.43717,8.21811
NP_001097002,0.245166,0.325114,0.424795
NP_001036470,3.19755,2.32036,3.62866
AAB88625,2.94039,2.48044,2.56421
NP_536745,3.94046,3.84879,3.78457
NP_001262163,7.58637,8.43381,7.9117
NP_001015405,2.83781,2.86996,9.12691
NP_001097449,3.24264,4.10569,3.14655
NP_729055,4.84113,4.37142,5.09391
NP_001097365,1.82481,3.80315,2.63523
NP_608901,0.363484,0.405321,0.334908
NP_001260229,1.98091,3.03418,3.18383
NP_733295,9.43642,8.10049,9.30088
NP_651728,0.242078,0.240875,0.318182
NP_729825,1.67001,1.57712,1.96567
NP_610020,11.9348,20.2817,8.82511
AAM50007,10.0157,7.2982,8.50684
NP_001096993,12.1335,13.5852,12.0081
NP_001261427,3.68245,2.51674,4.23387
NP_001259534,1.82709,1.84604,1.90863
NP_001163111,8.56403,3.51916,4.97067
ACZ54682,0.569481,0.202945,0.220494
NP_788284,0.372922,0.119188,0
NP_524315,0.291659,0.565722,0.203288
NP_788664,0.374543,0.900384,0
NP_477255,0.267802,0,0.437063
ABM92811,0.225825,0.277989,0.121095
NP_001261655,0,0.567334,0
NP_001260250,0.679661,0.326484,0.531719
NP_611533,0.172612,0.0884134,0.279231
CAA61954,0.189016,0.908748,0.394453
CAA10059,0.59507,0.190494,0.413573
NP_001137830,0.391929,0.375715,0.272112
NP_001027446,0.27546,0.270357,0.0725733
NP_001356961,0.290791,0.150416,0.176221
4JZY_A,0.49439,0.41043,0.0879412
NP_648584,0.189016,0.545249,0.394453
NP_001245402,0.300496,0,0.156853
NP_001260169,0.406167,0.259402,0.117592
NP_001285354,0.150248,0.144208,0.156853
NP_001261601,0.311255,0.25849,0.117791
4XP4_A,0.168414,0.161824,0.702889
AAM29197,0.473107,0.302643,0.164479
NP_650825,0.200279,0.192459,0.417477
NP_001097031,0.15578,0,0.0814098
NP_651390,0.696774,0,0.435761
NP_001163093,0.19007,0.231242,0.100969
NP_001163293,0,0.197466,0.29844
NP_729679,0,0.161824,0.175722
NP_651756,0.645677,0.155426,0.171844
NP_001260251,0.507883,0.487078,0
NP_001162648,0.522572,0.500953,0.408168
NP_477404,0.235663,0,0
NP_523613,0.426323,0.230461,0
NP_570080,0,0.0795954,0.183644
NP_651767,0.287454,0.448806,0.201074
AAM48456,0.492921,0.157798,0.513892
NP_001284965,0.420056,0.30227,0.113134
NP_523705,0.20454,0.206858,0.07335
NP_001260205,0.155144,0.744331,0.485503
NP_995712,0.128811,0.0608223,0.134377
3PXN_A,0.395149,0,0
NP_651709,0.209635,0.139021,0.596348
NP_001162887,0.424375,0.542335,0.147467
NP_996171,0.757378,0.290693,0.158025
NP_649974,0.204155,0.045934,0.268094
NP_511064,0,0.385811,0.210594
AAD39472,0.199298,0,0.534141
CAA36203,0.589582,0,0
NP_610099,0.383588,0,0.399903
AAM91018,0.0968644,0.321163,0.102749
NP_001246351,0.186839,0.160893,0.08349
NP_001261238,0.308949,0.149796,0.123788
NP_001246800,0.177533,0.340861,0.185014
NP_523544,0.312321,0.369065,0.0830593
NP_001246992,0.288358,0.060001,0.173864
NP_001162827,0.137771,0.332292,0.145928
NP_001286786,0,0.27572,0.200308
NP_611390,0.136451,0.0812872,0.0547982
NP_001262055,0.637372,0.407372,0.663899
NP_651912,0.312902,0.600583,0.163145
NP_001284731,0,0.875427,0.19019
ADN05224,0.187272,0.180077,0
NP_001287391,0.489827,0,0.0870832
NP_001260679,0.219964,0.141564,0.233596
NP_726247,0,0.243978,0.172532
NP_001260486,0.500965,0.481491,0
AAA28482,0.139789,0.0894634,0.0503208
NP_723044,0,0.130616,0.284218
NP_001262626,0,0.713835,0.387218
NP_649557,0.2954,0.172836,0.101472
ACL68754,0.180906,0.0704693,0.389624
AAF34825,0.370266,0.236681,0.257639
NP_728468,0.538433,0.28849,0.113062
NP_731872,0.106545,0.138511,0.152761
NP_608811,0.367922,0.35356,0.191861
NP_724982,0.224968,0.288015,0.199224
NP_001262686,0.439837,0.118941,0.0663478
NP_610025,0.860797,0,0.14968
NP_001014592,0.657816,0.378335,0.411028
NP_608835,0.0737577,0.209985,0.398559
NP_732773,0,0.322955,0.0924139
NP_524840,0,0.0625123,0.13249
NP_609293,0.131563,0.126112,0.685046
NP_001259646,0.0763727,0,0
NP_001261078,0.363208,0.0909653,0
NP_524074,0.241093,0.160125,0.31113
NP_611607,0.0862633,0.331753,0
NP_001189303,0.404536,0.388421,0
NP_649219,0.221059,0.278231,0.393492
NP_610185,0.140421,0,0.146383
NP_001262191,0.833509,0.799945,0
CAJ35017,0,0.507058,0.183359
CAC06429,0,0.416185,0
NP_001286934,0.223939,0.160807,0.295305
NP_523661,0,0.610243,0
NP_523488,0,0.188639,0.614552
NP_733043,0.282917,0.406751,0.147467
NP_651307,0,0.511292,0.370028
NP_611166,0,0.396253,0.644695
NP_651095,0.305194,0.368345,0.0928333
AAA29050,0.318704,0.08263,0.338866
AAL86019,0.637372,0.407372,0.442599
NP_001246485,0.345973,0.266555,0.217825
NP_610430,0.229819,0.585416,0
NP_001262664,0.428234,0.175533,0.291136
NP_001137802,0.208377,0.599958,0.216844
NP_001246409,0.355067,0.511292,0.370028
NP_001097474,0.301356,0.398958,0.0644445
AAQ22416,0.417075,0.483584,0.111191
NP_001261067,0.400386,0.195435,0.0715951
NP_001245565,0.140421,0.403774,0.439149
NP_728346,0.408429,0.588174,0.212678
NP_001261799,0.263126,0,0.548037
NP_001285616,0.331271,0.477419,0.17278
NP_511070,0.787463,0.322991,0.28164
AAL39751,0.299403,0.283962,0.308779
AAA28607,0.423833,0.368652,0.102629
NP_609489,0.185327,0,0.0979312
BAA05042,0.25326,0.390183,0.460401
NP_728672,0.150064,0.26063,0.24256
NP_477319,0.542491,0,0.565106
NP_724163,0.412608,0.198126,0.429797
4XGC_A,0.194081,0.247209,0.401972
NP_476895,0,0.346911,0
NP_001286980,0.223829,0.422664,0.0621174
NP_001262539,0.465062,0.223076,0.364379
NP_477065,0.481008,0.615568,1.33694
ABJ17012,0.3328,0.190871,0.423148
NP_608363,0.221148,0.128216,0.434147
NP_477041,0.360889,0.315603,0.197373
NP_001286875,0.0409088,0.0773002,0.0877308
NP_523398,15.8146,26.4315,13.0693
NP_001096888,0.184669,0.360699,0.396014
NP_477132,0.286365,0.165455,0.133249
NP_572422,0.267757,0.38156,0.214456
NP_001163095,0.341212,0.244449,0.183871
NP_001014482,0.101854,0.335641,0.213791
NP_001188757,0.134403,0.257643,0
ADC34816,0,0.453964,0.328959
CAA71278,0.184974,0.406256,0.313017
NP_570088,0.199063,0.198831,0.208823
NP_572499,0.402174,0.336924,0.406083
NP_001284754,47.3853,49.7926,41.3267
NP_001284712,0.127863,0,0.133301
NP_476688,2.41481,1.75305,1.8049
NP_001260220,8.11157,7.30782,9.95588
NP_001014614,0.248362,0.181017,0.905019
NP_730525,0.277257,0.422143,0.268644
NP_001261241,0,0,0
NP_610963,0.228178,0.413571,0.218465
NP_524106,3.37407,3.34829,2.75711
NP_476589,0.144537,0,0.301718
NP_610849,0.0937161,0.132832,0.0987329
NP_725591,682.471,731.124,697.781
AET62581,2.42107,1.72575,2.71471
NP_649028,0.552029,0.538418,0.788809
NP_001259146,50.891,40.7155,49.0005
NP_610172,0.69762,0.167605,0.363412
NP_001262653,0.153017,0.0585858,0.147734
NP_648320,0.179499,0.250098,0.113841
NP_001284987,0.467002,0.0856998,0.871643
NP_524981,12.926,5.69953,12.4057
NP_649197,0.398812,0.381169,0.31464
NP_001259377,0.188108,0.0340012,0.319553
AAQ22436,0.385902,0.180985,0.542935
NP_001036460,4.2333,1.68494,3.28598
NP_725106,3.25804,2.93613,5.4592
NP_001162705,0.172594,0.16805,0.136829
CAA09299,0.167536,0.231119,0
NP_001356963,0.115951,0.131165,0.113174
NP_524871,0.462632,0.244004,0.163651
AAY55692,0.66925,0.547568,0.760176
NP_610732,0.530617,0.653251,0.43709
NP_001286511,0.117034,0.224489,0
NP_001033891,367.952,464.435,401.199
NP_001285059,464.813,518.115,447.173
NP_477314,337.96,352.043,347.602
NP_001285227,0.267629,0.402735,0.226851
NP_476562,0.243713,0.121659,0.334469
AGW25604,0.161026,0.211937,0.239704
NP_001247301,616.738,573.556,620.11
NP_476618,0.492833,0.261842,0.476853
NP_648054,0.263438,0.161562,0.168785
NP_001260689,423.307,421.382,401.914
NP_648537,0.508911,0.631381,0.397413
NP_572954,0.922927,1.64115,1.30704
NP_524393,0.218865,0.198088,0.175445
NP_001284961,428.26,459.749,408.424
NP_001287570,0.0541687,0.232075,0.290182
NP_573372,0.172752,0.163882,0.180851
NP_651753,0.425251,0.0963554,0.330195
NP_001285587,0,0.750728,0
NP_001027292,0.897368,0.970886,0.612486
NP_001262966,757.27,749.317,741.692
NP_001262771,0.319347,0.153342,0.313476
NP_477203,604.416,570.824,633.507
NP_001285737,572.173,578.72,539.896
NP_001263061,1.0548,1.2273,0.461071
NP_001262556,37.8512,35.4451,42.0394
NP_996002,0.43555,0.32011,0.352797
CAB37610,0.723321,0.867278,0.753475
NP_001260984,0.114274,0.199781,0.338193
NP_733334,0.389114,0.299852,0.605899
NP_647831,0.404835,0.333613,0.788577
NP_001189124,35.0433,16.3265,33.267
NP_001284902,0.382354,0.514477,0.123039
AAF85708,0.263257,0.0688554,0.462616
NP_001259814,9.53144,6.6779,8.36804
NP_650031,0.295094,0.992291,0.306854
NP_725213,0.203662,0.39682,0.18622
NP_610611,0.630731,0.19437,0.225563
NP_001246921,0.303427,0.496926,0.862905
NP_728054,0.106562,0.199435,0.412598
NP_001259877,0.681648,0.377371,0.451335
NP_001260732,39.7319,40.0106,30.4143
NP_001259520,0.543221,0.165396,0.257632
NP_523935,0.464222,0.0674977,0.324027
NP_647637,2.46439,2.64035,2.0572
ACS44723,0.807528,1.13715,0.757479
NP_524327,0.208755,0.171179,0.162195
NP_650454,3.52543,2.98438,3.49932
NP_001285794,376.417,420.086,381.459
NP_001284995,487.445,469.439,478.783
NP_610239,10.9902,7.38706,9.63002
NP_573232,2.0761,2.65714,1.92241
NP_572286,0.0873701,0.777298,0.23577
2PYO_D,0.869083,1.41621,0.867836
NP_573175,1.38107,0.678824,1.13886
NP_001162639,0.0833969,0.0800897,0.0754383
NP_651908,0.385092,1.29625,0.200911
NP_001027248,0.730355,0.5137,0.747442
NP_001285293,5.12384,4.73892,4.2813
NP_001246139,12.8157,25.2756,11.9053
NP_648622,22.4381,6.89931,16.2814
NP_523813,342.928,334.234,367.169
AAD43051,0.506383,0.649428,0.236853
AAA28711,9.1858,18.4267,8.46488
NP_523774,416.508,497.634,453.697
NP_001286260,28.5903,12.1198,20.4568
NP_524002,505.927,515.793,505.131
NP_651944,3.38231,2.68569,3.89766
NP_477446,0.607452,0.912913,0.531459
NP_524408,3.22668,2.89113,3.40891
NP_001027352,0.853869,0.515764,0.879076
NP_001162966,6.29426,6.23955,5.75239
NP_608387,21.8461,40.5748,17.26
NP_612040,0.16791,0.384212,0.253807
NP_476957,0.625763,0.29217,0.333467
AAL28491,0.309269,0.11338,0.407076
NP_730952,0.237605,0.125801,0.232194
NP_001262025,233.814,318.901,350.748
NP_001036708,0.16762,0.371607,0.259241
NP_788548,0.784203,0.268341,0.168142
NP_608644,2.74065,3.93443,3.39509
AAF27644,0.69678,1.26642,1.02794
NP_001285145,23.3859,22.3645,32.4693
AAM50539,0.249302,0.439077,0.116418
NP_610610,25.307,18.5428,23.4598
NP_476848,0.539406,0.565161,0.437978
AAM51049,0.307496,0.360854,0.49795
NP_610921,0.324338,0.0615578,0.18366
AAB58341,0.082936,0.0447953,0.0761713
AAM51113,0.299753,0.424412,1.0532
NP_725114,452.48,410.952,425.801
NP_001162777,0.376357,0.105073,0.079776
NP_725412,9.94119,7.88789,7.82194
AAL90291,6.73525,5.68102,5.95505
AAC47293,0.305042,0.246773,0.276319
NP_001303417,14.5719,11.6533,15.4125
NP_001163432,0.159045,0.310313,0.322604
NP_001285826,0.456915,0.305715,0.707608
NP_524190,4.75901,4.71601,4.22576
NP_001014525,0.0653026,0.207091,0.206435
AAD42053,6.28614,9.71069,5.37117
NP_001036440,649.858,688.946,666.452
NP_524429,0.366915,0.453017,0.533327
NP_524819,333.48,313.447,325.941
NP_001260537,580.318,531.659,605.963
NP_001247279,0.386436,0.516669,0.70171
NP_001286614,526.278,490.553,530.931
NP_001188691,0.124033,0.33447,0.546971
AAD28638,5.14498,3.63704,6.59186
NP_001285353,0.478571,0.376285,0.533469
AAK50050,0.177533,0.340861,0
NP_730891,0.63808,0.311901,0.287539
NP_649560,443.834,474.27,449.374
NP_610724,0.199391,0.24501,0.105252
AAL90147,0.323755,0.466315,0.581837
NP_001014669,0.415549,0.516781,0.252972
NP_610559,0.444418,0.354175,0.287157
6XU6_CM,349.421,356.658,364.302
NP_651001,6.76696,3.15481,7.26575
NP_001286770,161.085,108.279,205.748
NP_523902,0.150897,0.502692,0.381428
NP_001014476,0.161355,0.0796497,0.100196
NP_651511,0.378096,0.327174,0.260253
NP_001259489,0.28641,0.320797,0.441206
NP_001259808,0.385756,0.348524,0.489158
NP_001246045,3.12958,3.23446,3.36956
JC4234,0.342148,0.234043,0.262383
NP_648302,1.62159,0.677099,1.86153
NP_001027408,0.206304,0.594379,0.214898
ACO72861,2.99176,3.21177,4.5845
NP_524467,5.00665,6.74924,7.38936
ACJ13227,410.224,484.45,487.957
NP_730060,0.0885337,0.113434,0.0940712
NP_725339,1.33489,1.5664,0.993716
NP_651782,507.37,443.051,486.681
AAL48025,0.182617,0,0.0844431
NP_609789,4.77806,3.76471,5.35184
ACY56908,0.180735,0.118478,0.155715
NP_001163336,479.989,553.602,548.964
NP_542438,0.411811,0.137474,0.433794
NP_651320,8.77945,6.24189,9.12783
AAD46844,0.806074,0.578692,0.917035
NP_001027193,3.33573,1.84315,3.53064
NP_477059,7.89301,5.79221,9.29437
NP_996213,0.639582,0.180511,0.352165
NP_001260168,0.235398,0.363114,0.414765
NP_001260218,0.901392,0.345923,0.70421
NP_523785,2.09585,1.8658,3.03699
NP_001247264,93.9513,49.3105,91.8429
NP_001261958,4.93882,4.18132,5.13181
NP_476617,0.258055,0.235776,0.428655
NP_609495,0.386567,0.341386,0.480109
NP_001284750,462.306,447.211,439.586
NP_524116,4.9786,3.47629,4.66309
NP_001097276,5.81465,6.04079,4.80246
NP_524113,9.73509,12.1914,10.8595
NP_001259991,25.4175,15.1756,29.1215
ANT96533,6.13467,5.48299,5.32407
NP_650382,0.560839,0.416272,0.578493
NP_649552,2.90361,2.58973,2.44814
NP_001261501,327.883,394.268,413.347
NP_001286706,0.543758,0.733306,0.516167
NP_647661,4.23588,3.50877,4.81944
NP_724290,1.66719,1.00671,1.27813
AAL39985,14.9424,10.2529,8.69268
NP_610097,0.412146,0.130768,0.140736
NP_609836,2.49507,0.624575,1.52868
AAL39439,18.2295,16.4287,19.1927
NP_569873,0.546314,0.373125,0.535296
NP_725401,1.43172,0.689674,1.33091
AEO12071,0.752115,0.276666,0.391479
AAY85097,16.7233,14.923,16.462
CAA82998,0.351243,0.192462,0.0813731
NP_647950,16.5983,16.5648,16.3468
NP_001104459,22.4712,18.0043,23.4245
NP_001033848,8.03369,3.35797,6.24854
CAA61806,329.069,283.404,321.574
AAG38014,6.55605,3.68305,4.96057
NP_001261691,0.398488,0.452696,0.463788
NP_610802,4.92804,3.67418,3.97262
NP_610763,0,0.148085,0.124037
NP_648343,0.280397,0.51707,0.821194
NP_732312,42.8322,39.574,43.5054
NP_612046,3.84276,3.73611,3.35961
NP_001286836,0.758244,0.131015,0.228316
NP_524726,193.519,244.869,197.601
NP_476735,0.92278,0.674116,1.48309
NP_609219,1.04618,0.77151,1.07866
NP_001303362,0.3851,0.326075,0.380198
NP_609898,0.516424,0.52179,0.65411
NP_524421,394.617,290.066,403.954
ADX35898,0.0918116,0.0923628,0.199448
NP_652639,0.345771,0.276631,0.452027
NP_610192,3.85252,3.31862,3.86484
NP_001034034,0.394997,0.516592,0.474833
NP_001104426,26.326,16.5014,20.5922
NP_524593,3.45644,2.15253,4.45092
AGJ89710,0.144256,0.156604,0.308622
NP_001262233,428.733,501.984,457.71
NP_524809,1.0355,1.24587,0.906955
NP_001285120,9.28937,5.51501,7.29257
NP_652054,0.59778,0.441063,0.45859
NP_523443,0.477601,0.531186,0.463688
NP_609209,3.73303,5.20927,4.0964
ACH92163,7.25467,4.1776,6.22069
NP_001262451,0.253127,0.141205,0.490705
NP_524586,8.28365,14.2625,7.41354
NP_651280,12.5156,7.76469,12.8545
NP_477084,0.44818,0.337705,0.338092
NP_001369048,4.37867,4.49068,3.98263
NP_610305,2.72882,2.54804,2.88427
NP_001261471,0.331136,0.268508,0.512733
NP_001303431,516.667,654.805,520.369
NP_650767,3.86609,3.43319,4.2996
NP_612572,4.03884,3.63281,4.16087
NP_001015223,1.19584,1.21983,0.936243
NP_001260561,0.118545,0.274307,0.108558
NP_729654,19.87,10.795,22.0391
AAN71420,6.93139,3.59289,5.88374
AAL90339,0.263611,0.128131,0.0709843
NP_001287187,6.53185,4.27502,6.98485
5KL1_A,0,0.130615,0.0948811
NP_724456,0.310789,0.251228,0.259332
NP_649243,5.2924,3.57619,5.22033
NP_001262473,1.23237,0.740851,0.670365
AAX94783,3.23301,2.67847,2.95327
NP_523598,5.07998,4.44031,5.71068
NP_609351,1.68152,1.13758,1.59444
NP_649278,0.661334,0.346383,0.345463
NP_651883,0.882808,1.01623,0.9489
NP_001163632,0.282287,0.397879,0.433685
NP_732316,0.509996,0.558832,0.511746
AAL13710,1.50846,1.21334,2.11423
NP_001284785,223.355,209.347,248.119
ACT88135,558.347,697.985,648.125
NP_610946,0,0.234775,0.332797
NP_523420,2.0406,2.59392,1.99776
NP_525122,0.116157,0.249808,0.144128
NP_650987,3.32504,2.33134,3.2323
NP_725586,0.314734,0.22225,0.319304
NP_652001,0.389003,0.201,0.327652
NP_511073,301.079,411.677,385.385
NP_648570,2.92535,2.08552,2.44637
NP_001284805,10.934,12.3653,18.1356
NP_001027078,7.09586,5.85807,7.16992
NP_610503,539.503,508.371,532.209
NP_523765,1.26806,0.944148,0.907217
NP_523708,5.37477,3.36307,4.42979
NP_001259963,7.2935,6.58327,5.93972
NP_001097058,1.31452,1.1557,1.30745
NP_609899,0.891204,0.687068,0.691433
NP_572260,0.426605,0.438966,0.449425
NP_649057,0.892478,1.24876,1.86861
NP_001162879,2.83248,3.20195,3.74409
NP_725196,6.74926,9.39878,7.35391
NP_001033989,2.01666,1.83032,2.40122
NP_001262697,0.245475,0.223754,0.388671
NP_651895,1.95254,1.8871,2.09986
NP_001262479,0.131385,0,0
NP_477156,1.56853,2.35317,1.42458
AAA20507,3.25794,1.75584,3.1764
NP_722456,0.516127,0.536487,0.483539
NP_001262288,5.73658,4.2833,6.10184
ACH92357,8.93104,6.92168,12.206
NP_524380,4.33162,2.11286,4.82568
NP_523411,8.40104,5.63161,15.8157
NP_651778,5.69653,5.10334,6.06552
NP_573062,1.61952,1.27546,1.80891
NP_650776,1.67819,1.19478,1.51622
NP_650331,0.985321,1.8548,0.800072
NP_569978,1.25548,0.684195,1.59783
NP_650326,0.482706,0.339932,0.0845458
NP_001287103,0.778122,0.943295,0.884872
NP_476985,218.218,111.151,216.226
NP_610024,5.84954,4.58284,4.33368
NP_648536,0.18893,0.188332,0
NP_722687,0.369966,0.317403,0.360394
NP_648427,6.75702,5.32732,7.11641
NP_001259370,5.43205,6.92989,4.89158
ANY27231,4.96096,2.38043,4.75254
NP_651682,0.59841,0.494636,0.568053
NP_001137613,2.00151,1.45307,1.30713
NP_648167,4.64427,5.81118,4.86448
ADZ17402,5.53648,2.62211,5.96174
NP_001137646,0.575502,0.996851,0.733218
NP_001259502,7.77121,9.27827,9.67762
NP_001262010,0.642857,0.525312,0.355603
NP_001260727,0.712215,0.476548,0.67171
NP_001034051,15.9537,13.8977,19.2102
NP_001286115,0.398254,0.695853,0.52833
NP_609926,10.2932,9.0264,11.7377
NP_001261668,0.174808,0.272852,0.421754
AAN71216,0.532602,0.080244,0
AAY54654,4.77981,3.60128,3.96855
NP_610451,5.85673,5.47186,4.75198
NP_001262124,1.14378,0.735843,0.829879
NP_649333,4.6847,4.05792,5.27814
NP_648955,1.50441,0.897374,1.51381
NP_611553,0.587309,0.70339,0.423877
NP_723362,6.821,5.51837,6.44055
NP_001188957,7.13416,4.59775,9.13839
NP_573251,0.210446,0.403498,0.876055
NP_648757,16.0723,8.30771,14.0934
NP_609889,0.203558,0.228628,0.463106
NP_001188689,269.683,297.727,280.18
NP_649253,14.9655,9.51198,9.02495
NP_609222,23.1156,16.0148,21.5437
NP_611355,1.37391,1.25368,1.35908
NP_001262202,338.775,341.899,474.499
NP_001285295,0.37834,0.244578,0.228493
NP_001260349,3.50629,4.52993,4.72222
NP_001188992,0.239311,0.53522,0.13752
NP_650076,0.486632,0.584055,0.566931
NP_523397,1.06985,1.34966,1.21674
NP_001036323,4.06951,2.87237,4.02178
NP_001261411,0.220823,0.290713,0.300578
NP_524023,5.73054,4.85259,5.06083
NP_001259186,12.1098,6.83312,11.9223
NP_610615,1.02831,0.418554,1.08133
NP_001261954,4.84823,4.09045,3.65531
NP_572656,1.55473,1.07271,2.06678
NP_609805,0.108687,0.131575,0.11107
NP_001261720,0.50371,0.187951,0.501138
NP_723186,0.119541,0.0710916,0.155516
NP_788543,0.4425,0.326985,0.588599
NP_728237,6.06962,5.76174,6.65183
NP_725476,0.880432,1.19487,0.981015
NP_001284786,5.34415,4.803,5.52524
AAK49526,0.590246,0.344556,0.440555
CAA48872,267.185,192.659,277.312
NP_788728,1.14923,1.65834,1.83045
NP_001163707,2.1495,2.01015,1.97123
NP_001033885,396.032,377.01,410.951
NP_001247362,571.463,685.453,699.323
NP_651715,1.89351,1.01183,1.52241
NP_648163,20.4659,6.46707,20.7317
NP_001259397,75.4726,56.6627,81.2296
NP_477356,8.99911,6.3321,8.71404
NP_001245533,60.1762,59.6018,56.8603
ADB91408,7.29275,11.0516,7.60383
NP_610477,3.15801,3.48798,3.03903
AAO39440,0.256914,0.167046,0.365329
NP_651296,1.06797,0.764268,1.14747
NP_608890,1.40709,1.01471,1.43115
NP_001246717,1.1822,0.406992,0.554847
NP_651397,1.80372,1.17614,1.4672
NP_573054,3.70113,2.65037,3.89157
ACI96466,0.365037,0.39256,0.65915
AAM10989,5.5838,3.62431,5.10608
NP_477136,11.357,12.5321,15.4885
NP_525073,9.74281,4.40983,9.42563
NP_609318,0.409324,0.237518,0.33656
NP_610547,11.8875,4.66104,7.9592
NP_650057,4.63705,4.1759,5.27908
NP_001137699,9.57868,8.12318,9.29329
NP_001246525,0.718413,1.40728,2.70226
NP_650205,0.433977,0.470128,0.522751
NP_724333,104.732,87.5757,94.741
NP_649695,0.940442,0.518145,0.739238
NP_730934,7.38551,6.4746,6.86663
NP_001259956,26.7451,16.402,39.7724
NP_611508,1.9179,1.695,1.90745
NP_001260464,2.82611,2.18469,2.51509
NP_001097568,0.0260403,0.028896,0.271215
NP_608889,12.1417,7.02554,11.6886
NP_648409,45.8619,23.6972,47.2672
NP_524673,3.17958,2.09536,2.30571
NP_001287401,11.2109,5.80574,8.55925
NP_001245905,5.85959,7.83413,10.1593
ACH92503,1.99857,2.13111,2.00309
NP_611265,10.4399,6.5292,11.3912
ABF00106,0.282032,0.473376,0.467011
ABG02165,37.3126,18.7034,38.287
NP_730651,3.68172,4.77403,5.97306
AEQ63001,4.58285,3.42487,3.68056
NP_001245725,2.69291,2.31596,2.18311
NP_731524,0.280499,0.497496,0.114302
NP_001262835,3.06863,1.84042,2.05258
NP_001285352,1.06154,0.696814,1.01142
NP_001260578,1.13826,0.836312,1.58797
NP_001245895,19.5491,13.2684,16.4969
NP_001285208,6.60745,4.9507,8.20741
NP_648910,16.1158,11.6903,17.8809
CAD56383,1.65942,1.77649,1.41727
NP_001036397,2.29893,2.04678,2.0203
AAC47016,0.406441,0.293475,0.434438
NP_001245591,2.25452,2.13908,1.99805
NP_001303376,0.433283,0.387251,0.298329
NP_001245719,0.235817,0.249331,0.120339
NP_650772,3.24706,2.26128,3.43774
NP_477170,0.487653,0.418827,0.644197
NP_001262647,15.1192,20.3957,15.2995
NP_609038,2.51955,2.06006,2.84216
NP_524715,0.804858,0.699841,0.524663
NP_725018,1.0424,0.561473,0.715361
AAM66764,0.544163,0.197802,0.290206
NP_001259822,428.23,419.643,516.048
NP_001285902,7.53552,10.0374,7.78542
NP_001027412,2.23038,2.0431,1.90794
NP_610313,10.965,4.2425,7.32109
NP_001027127,1.61805,1.16624,1.13739
NP_725413,8.07792,9.9117,6.11504
NP_001247231,7.30807,6.49526,6.6867
NP_001261698,14.7385,11.767,11.4751
NP_001287055,373.413,383.667,393.721
NP_477392,1.67737,0.510076,1.40831
NP_001036353,30.0401,19.7571,33.7649
NP_996103,0.339599,0.4346,0.312094
NP_572167,0.256306,0.96933,0.923918
NP_648178,0.322413,0.23553,0.321431
AAC46955,1.70116,1.57227,1.51166
NP_524013,3.05496,3.62198,3.99306
NP_610294,26.3645,23.9252,23.6126
NP_001262039,4.34705,2.88215,4.20178
NP_609353,1.87297,1.94505,1.92547
NP_651971,0.361271,0.331194,0.354834
NP_729457,0.110682,0.724814,0.365778
NP_651684,0.315493,0.240385,0.438704
NP_729306,0.436386,0.468512,0.357933
NP_477135,13.5767,10.1517,12.4223
NP_524270,3.49926,1.56917,3.60031
AAA57204,3.00423,2.03776,3.33845
NP_650857,2.88693,3.25841,2.8951
NP_001263148,1.86821,1.2743,2.08542
NP_730672,47.5224,31.6903,39.6637
AAN71367,296.096,374.293,295.937
NP_610075,0.58942,0.343653,0.392071
NP_477414,8.10399,5.95622,8.43348
NP_649866,0.319848,0.316342,0.279864
NP_001261461,4.79427,4.06243,4.42354
NP_611862,0.418109,0.551111,0.593671
NP_476573,6.95616,9.25157,7.49027
NP_001259945,0.251066,0.0713166,0.0682225
NP_001262227,1.72421,1.61558,1.64314
NP_524051,4.23544,1.84729,4.97147
NP_608837,0,0.272133,0.115148
NP_001262881,5.01492,5.03941,4.68368
NP_651118,0.54976,0.462856,0.61434
AAV59047,3.33039,2.1448,3.28081
NP_523817,2.7602,2.62873,3.44277
NP_001097399,53.668,29.9663,62.9111
NP_651669,2.75258,1.94096,2.02156
NP_609183,13.4583,14.7656,11.9897
NP_001260713,5.99333,9.27771,4.89278
NP_650498,13.7452,17.9775,16.1298
NP_001259148,6.70088,3.72208,7.32942
NP_723378,6.72443,5.49691,6.08781
NP_001247382,188.294,101.04,194.739
NP_001259344,0.760683,0.6587,0.497105
NP_649209,0.728349,0.539686,0.688279
NP_001261224,1.50163,1.01493,1.5093
NP_477101,30.9385,25.0258,31.0162
NP_477219,0.0288656,0,0.148981
NP_609364,3.21606,3.53443,3.26981
NP_001286442,0.473941,0.401527,0.495525
NP_732610,53.2606,41.3819,45.0231
NP_001285096,7.94673,10.8697,8.71709
NP_610908,0.561396,0.688904,0.572956
NP_476657,0.412295,0.329018,1.03275
NP_001261393,4.18181,4.21542,4.03757
NP_611539,11.3703,11.2793,12.3422
NP_648094,1.14033,1.45019,1.09458
NP_650723,1.21914,1.5253,1.49886
NP_001246062,12.4172,11.259,11.779
NP_001285895,220.564,244.477,262.584
AAA74264,2.9544,2.60542,3.27553
NP_001286255,7.52362,7.41421,6.511
NP_729617,11.2597,8.45969,9.95262
NP_649940,10.3873,12.4214,11.5328
NP_650058,1.3263,1.19899,1.21112
NP_001189044,51.2175,20.346,45.8991
AAF21126,2.23437,3.72248,2.28954
NP_611846,3.69585,4.7766,4.20038
NP_001286410,0,1.07918,0.971181
NP_650691,0.838202,0.724676,0.725565
NP_001286731,508.76,481.286,499.869
NP_609492,2.06532,1.9162,1.55374
NP_610057,29.7078,24.9869,28.6472
NP_001261972,5.9622,5.99406,5.80633
NP_001284769,0.512658,0.694823,0.559651
NP_611503,1.73178,2.99759,2.17467
NP_001285202,24.7336,8.0591,20.12
NP_608740,0.869788,0.314948,0.731374
NP_609362,2.77183,2.98364,2.45317
NP_524207,1.08642,0.780261,0.770632
AAC47810,0.987624,0.849761,1.00698
ABK57065,10.9048,9.00869,12.5262
NP_647633,5.39501,5.5028,4.69364
NP_649352,0.419599,0.265398,0.443466
NP_572738,1.70442,1.53059,1.66924
AAC46971,3.86243,4.26139,4.39681
NP_001027048,41.2833,24.128,37.7243
NP_727796,7.92894,8.1783,8.79736
NP_001259195,6.21246,5.45375,7.30723
NP_001303484,0.529273,0.545884,0.683258
NP_725502,0.0583712,0.155408,0.152206
NP_723086,5.76359,2.6948,5.02948
NP_611647,0.968524,0.90007,0.99095
NP_730662,8.50112,6.8136,8.02983
NP_001285259,39.2695,17.9819,37.878
NP_001036597,1.8712,1.57992,2.11895
NP_650716,0.872408,0.747631,0.943857
NP_647972,2.72831,3.16857,3.3839
NP_572572,1.43055,1.22061,1.45268
ACH92188,277.029,283.747,291.777
NP_651703,10.3992,5.79567,8.8867
NP_001261156,3.61718,4.75111,2.4143
AAA19051,6.06549,3.14643,4.52607
NP_001285378,25.61,12.1578,25.323
NP_524415,7.65032,5.50377,6.51991
NP_649570,4.61145,4.79738,4.99947
NP_477445,6.20018,1.62113,3.88492
NP_523581,0.610788,0.42707,0.440131
NP_001246931,1.98019,1.99668,2.31155
NP_001303388,18.9819,15.6183,23.091
NP_477022,0.382649,0.323248,0.454832
NP_001246908,3.11718,1.37823,2.29683
NP_611541,4.91579,1.59097,4.65698
AAM50717,0.917825,0.884994,0.83915
NP_001137996,2.3154,3.32111,1.96688
NP_001287407,1.71277,0.265971,1.10707
NP_649161,3.73005,1.83652,4.52847
NP_648230,0.765853,0.71254,0.506868
NP_572169,5.28383,5.37456,5.49024
NP_001036652,7.73256,7.57003,7.86649
6XU6_CX,374.618,475.107,442.43
NP_651478,8.88458,10.4402,7.83449
NP_611833,4.75096,2.83359,4.33608
CAA16819,0.684511,0.514582,0.531869
NP_610488,0.509125,0.40692,0.404371
AAN71657,8.41539,3.60879,8.85632
NP_524867,1.89891,1.96983,2.08224
NP_649602,0.993851,0.674026,1.09226
NP_001262426,21.3339,66.1108,42.6315
NP_001260601,0.945815,0.920987,0.55517
NP_608895,0.761842,0,0.283924
NP_001247090,6.67116,6.38102,6.88372
NP_609239,8.18859,8.22405,9.34096
NP_648848,11.087,14.1349,11.229
NP_732020,14.2578,7.33172,13.1012
NP_001261196,2.20071,2.30844,3.68824
NP_001261750,0.701916,0.756652,0.626109
NP_001369012,6.68783,5.3691,6.56541
NP_727668,7.97722,5.6781,5.33545
NP_001286324,1.09235,0.759872,1.2963
NP_001260414,11.9279,10.7665,11.657
NP_524305,2.45754,2.10913,1.98319
NP_001259053,8.18766,4.4609,6.90272
NP_524355,4.67978,2.82397,4.72492
NP_525050,0.122864,1.27937,0.793118
NP_572604,2.45674,1.53476,2.39824
NP_730968,0.158761,0.269897,0.0426408
NP_609934,2.56869,2.55114,3.12421
NP_523379,4.59502,3.64436,5.73383
NP_611297,0.367686,0.254071,0.353378
NP_001188706,5.58513,6.25038,6.50616
NP_524363,4.41094,3.15343,4.3681
NP_572998,16.785,10.7982,18.274
NP_648968,0.639657,0.779269,0.705738
NP_650646,0.689026,0.984167,0.980917
ADF28795,0.217616,0.39075,0.629332
NP_731983,3.0438,2.13203,2.94039
NP_001260836,1.46484,1.31508,1.44315
NP_608580,1.83894,2.02226,1.9628
NP_001284943,30.6905,15.9777,33.8173
NP_729798,1.16106,1.24398,1.28934
NP_525119,4.9985,3.4418,5.82817
NP_001189159,0.0779039,0.126225,0.108749
NP_001261628,1.30362,1.14137,1.88945
NP_523419,15.5337,12.3745,14.3171
NP_001285613,27.1878,14.1957,28.1745
NP_524396,2.25813,1.24427,1.92459
NP_652037,32.8969,8.39656,45.4567
NP_001261171,8.30265,8.98418,7.86006
NP_511080,0.382679,0.521402,0.628137
NP_001260780,5.10038,2.47849,4.81327
NP_476636,6.90686,6.1354,7.24814
NP_651198,2.01151,1.68373,1.82657
AGA18905,1.14183,0.92029,1.34323
NP_650954,23.7285,23.5841,22.1738
NP_612028,3.4034,3.56662,3.28897
NP_001303555,10.7054,10.3842,9.53336
AAL68340,135.983,119.772,142.161
NP_001261849,5.33602,2.81524,6.17578
ACU26635,2.39876,2.86448,2.85951
NP_650643,37.705,55.757,36.1817
NP_001097439,3.29468,2.74533,5.01356
NP_001287481,341.639,397.061,396.139
NP_649440,1.78739,2.7485,2.55731
NP_730935,1.76941,1.84551,1.91732
1NLQ_A,5.26068,4.72592,4.84765
NP_609608,5.91981,4.70317,5.8167
NP_611963,0.936103,0.803771,0.849306
NP_511166,5.01836,3.17549,5.24271
NP_476929,1.02559,0.719683,1.07315
CAA58023,612.617,675.429,638.553
AAM11125,1.80168,1.79511,0.986774
ACT82949,82.5025,44.669,88.5974
NP_647765,4.1327,3.58952,2.94331
NP_001259101,3.42112,4.12438,3.36427
NP_524319,0.316969,0.24741,0.440614
NP_001261344,0.3755,0.423763,0.49096
NP_001260451,3.19989,3.39725,2.97837
NP_001261871,14.8038,12.1503,12.9239
NP_001286628,115.259,119.736,141.889
NP_001262066,3.26715,2.55639,2.74235
NP_572423,2.34182,1.89073,2.04365
NP_611871,0.096753,0.0995335,0.0533081
NP_001287008,2.6224,3.53148,2.39661
NP_609203,3.39177,2.90837,3.17193
NP_660194,0.270778,0.389104,0.141086
NP_001303440,2.5676,2.36241,2.77891
NP_001097639,0.557954,0.544888,0.351363
NP_611651,6.20002,6.02615,5.87004
AAR96126,0.706959,0.541091,0.592976
NP_649865,2.00883,2.5201,2.03196
NP_610264,0.668799,0.810517,1.46244
NP_650933,0.711787,0.985865,0.910981
AAM29361,3.98601,4.91588,3.61563
NP_609115,2.85275,4.08733,2.08684
AAM52624,44.8544,23.7504,44.4034
NP_572168,0.726608,0.984097,1.14523
NP_477240,2.83088,1.97968,1.986
AAL68349,18.6744,17.5549,14.4588
NP_996022,0.533917,0.383506,0.449115
NP_609444,14.7774,11.2707,14.4838
NP_572402,0.836693,1.09683,0.875457
NP_001245404,515.318,558.021,481.407
NP_611636,5.41926,5.88148,6.62659
NP_001261410,4.45091,4.38263,4.49917
AAL28535,2.96559,2.17606,2.93383
NP_001262819,9.63392,5.27813,7.81432
NP_731649,0.311903,0.297747,0.237518
NP_001015387,7.5498,6.47036,6.62657
NP_609040,16.9043,17.3642,16.2283
NP_648929,0.881455,0.770401,0.552965
NP_610986,7.48239,5.90394,5.99391
NP_524111,0.816294,0.424129,0.71089
NP_001137978,4.17428,3.26263,3.12033
NP_788550,9.92357,10.4477,9.68151
NP_001286611,32.6621,9.32055,19.287
NP_524191,0.504646,0.438464,0.599964
AAY54713,1.81449,1.69998,2.06837
AAL39431,1.91905,1.43086,2.07579
NP_001189228,3.36809,4.15571,3.48656
CAB53644,0.544524,0.321887,0.488866
AAK93269,0.450055,0.816186,0.532016
NP_001014579,4.82988,5.38585,5.62225
NP_649950,4.55948,2.90624,4.18264
5CQQ_A,1.03484,0.449574,0.684445
NP_001262072,3.46995,1.79607,3.23895
NP_650780,7.55988,3.87909,6.9105
NP_573044,1.75349,1.10243,1.96232
NP_651556,7.18851,11.2537,6.7087
NP_001259854,5.86217,3.48466,4.6827
NP_001188916,33.9747,19.5108,11.3592
NP_524606,3.57405,1.64854,3.88713
NP_650673,1.05337,0.896396,0.956441
ADB25326,2.58813,2.45708,2.58171
AAM29304,0.33523,0.333803,0.41467
NP_001260585,0.350202,0.22396,0.378083
NP_725535,0.35895,1.19839,0.529819
NP_001260495,8.3927,7.69338,7.37505
NP_651209,3.9149,4.09108,2.56747
NP_572384,4.45461,2.8427,4.30164
NP_001162693,48.2854,28.649,48.7933
NP_476979,1.99907,2.13038,2.09302
NP_651191,0.417547,0.283021,0.471979
NP_649139,60.2898,20.2453,49.0332
NP_572952,2.01552,1.65708,2.06546
NP_524318,7.71151,6.81607,7.47075
NP_725169,2.50734,1.91931,2.09649
NP_001014528,2.96962,1.9107,3.34045
NP_001285277,3.87948,4.48829,3.30837
NP_001263038,0.614421,0.816407,0.776811
NP_001261904,0.673285,0.553352,0.512795
NP_569870,7.02141,5.09497,6.48097
NP_610538,1.29788,1.20841,1.06597
NP_001285446,22.5039,14.48,21.1263
NP_476837,0.503022,0.270363,0.367883
NP_610797,1.19072,0.79164,0.665391
NP_523391,1.78291,2.80886,1.14385
CAA15941,9.98692,6.85067,9.50078
NP_001285455,3.24839,3.73452,3.94532
NP_001033899,99.6301,75.0133,102.705
NP_651595,1.60334,1.0457,1.12078
NP_511094,3.08157,1.88031,2.71504
NP_609847,4.21584,3.92879,4.02008
NP_727976,5.43892,5.48178,5.14399
NP_511119,2.06095,1.96515,1.77156
NP_649364,0.734054,0.7087,1.05272
NP_001260173,1.93733,2.04973,1.95174
NP_001261955,40.0195,22.4379,40.2779
AAL39440,4.68092,3.76076,4.00102
NP_001262068,1.05402,0.807975,0.347547
NP_608602,1.117,0.759099,0.911575
NP_648439,2.22354,2.31837,2.55468
NP_608830,2.20235,1.99434,1.77555
NP_647809,2.46474,3.92991,2.85278
NP_477011,0.209837,0.768939,0.203973
NP_731510,7.87615,2.65296,5.79779
NP_729681,0.112056,0.0679067,0.199717
NP_001259172,0.418918,0.624526,0.453886
AAF72065,1.07772,1.67749,1.14335
NP_477469,3.2401,5.12849,4.11163
NP_651578,101.104,29.8583,55.4675
NP_725175,0.122014,0.0661012,0.0560675
NP_001259970,403.305,401.402,439.606
NP_569993,0.817597,0.646621,0.934117
NP_001097185,0.494345,0.530526,0.4958
AAD46853,78.8604,48.0391,72.0532
NP_001259844,3.32483,2.18407,2.60201
NP_611223,4.49291,5.04919,4.21809
NP_648210,4.44673,2.90267,3.33542
NP_001286941,16.8248,9.66437,15.0671
NP_001027208,0.296149,0.381021,0.359969
AAG17032,59.4004,70.48,60.2723
NP_660192,2.31098,1.6012,1.66901
NP_610929,0.516129,0.712639,0.591021
AAO25051,5.51132,4.29587,5.2617
NP_001368999,1.16395,2.16721,1.71613
NP_476646,2.30497,2.84269,2.11203
NP_001137751,1.03186,1.22473,1.29169
NP_477023,0.114428,0.174393,0
NP_001261702,0.543578,0.616724,0.543943
AEB39641,1.54333,1.32985,1.43561
NP_570020,6.82765,5.60948,6.72871
NP_729528,1.07018,1.8462,1.55509
NP_726372,3.93117,3.68001,3.87807
AAA28435,0.400109,0.454441,0.36222
NP_001261687,99.2371,63.125,95.0541
NP_001263082,3.05881,2.77036,2.44388
NP_523440,3.96813,1.85056,3.48089
NP_001286771,1.09012,1.3324,1.16974
NP_001036695,0,0.16678,0.309371
NP_001261994,22.987,26.8725,23.3701
AFH89824,32.1587,30.4201,38.5745
AAL89964,0.462955,0.413375,0.610218
NP_730035,4.0158,4.09187,4.15894
NP_723484,2.59176,2.2128,2.16181
ACY07066,1.06924,1.46405,1.33058
NP_001259308,0.419286,0.576179,0.380403
AAQ23623,1.13744,0.360229,0.580592
NP_536793,3.74897,3.98187,3.49728
NP_611228,36.1783,53.9193,35.1868
CAR93812,2.40313,1.77574,2.60752
NP_001260437,0.644267,0.656309,0.877672
NP_001246283,0.343886,0.606172,0.29127
CAA72505,1.43966,1.14427,1.33535
NP_651851,3.53611,4.37034,3.97993
NP_001285948,0.384346,0.351168,0.359081
NP_726111,2.14117,3.31024,3.60322
NP_608883,0.193273,0.346006,0.281456
NP_729788,0.778637,1.20507,1.10428
NP_001262821,28.3591,19.7941,29.8333
NP_611016,1.33438,1.27972,1.2977
NP_648273,13.4182,12.8239,14.3326
CAB64936,0.241379,0.267883,0.357827
NP_001287361,2.16266,0.974317,1.48883
NP_001262267,1.22965,0.820046,1.06121
NP_524358,108.735,72.337,110.929
NP_611400,3.69282,4.3033,4.55812
CAA70286,18.8521,12.1729,26.324
NP_001246759,2.93126,2.6437,2.87302
NP_725564,49.0802,49.3468,52.9885
NP_609936,11.0051,6.8661,9.79163
AAM29325,7.34862,2.02597,5.27954
NP_649694,4.4276,2.59064,2.89781
NP_001097640,3.66535,4.25832,2.68917
NP_523836,104.54,94.2816,95.93
NP_001285193,4.25462,2.59778,3.97099
NP_727512,2.01912,2.09161,2.63035
NP_611074,11.8643,4.57985,10.1947
NP_001163577,0.665076,0.484932,0.438707
NP_001287124,0.302951,0,0.31605
NP_524846,3.4711,2.88644,3.57389
NP_650540,7.27274,9.40178,7.03812
AAY54734,0.571623,0.498782,1.58399
NP_001286363,59.5641,103.906,74.2664
NP_524043,18.5642,12.5645,19.0054
NP_651596,6.16927,6.64077,4.77628
NP_647638,1.74653,1.36523,1.39403
NP_001260735,11.013,5.24196,11.2166
NP_001261630,12.2446,14.4479,11.6364
NP_001262669,9.33279,10.1354,8.74549
NP_001036387,509.824,543.936,535.272
ACX30017,39.4102,34.3726,46.3019
AAA17840,0.259378,0.232928,0.287544
NP_001027191,20.7029,9.7604,21.7703
NP_651876,383.778,471.21,437.469
NP_611606,2.99375,1.71438,2.86827
NP_001261247,11.2409,7.28322,9.55096
S58064,0.862845,1.41132,1.0721
NP_001188864,0.719507,0.632362,0.405288
NP_001261609,2.37715,3.80969,2.72311
NP_525111,6.0214,3.55749,5.74881
NP_001263144,0.636717,0.432979,0.773861
NP_524351,3.58599,1.7305,3.77067
AHZ64223,31.6072,18.3144,35.2541
NP_001303430,1.77608,2.1736,2.05224
AAM51118,2.18772,1.65795,2.63219
NP_001163480,15.5171,14.1397,15.2036
NP_608575,8.02177,6.22132,7.89857
NP_651335,0.970997,1.0877,1.46927
NP_648328,1.68071,2.04215,1.62589
NP_651457,0.921348,0.711715,1.19946
NP_524011,97.0762,64.9088,111.607
NP_648786,2.28856,2.2359,2.09133
NP_611693,596.675,656.808,588.633
NP_001260332,3.15391,2.36061,3.05768
NP_001261689,3.99814,4.40689,3.43366
6XU6_CC,346.304,426.845,389.171
NP_651967,5.04323,3.64259,6.07895
NP_731826,2.62065,2.50037,2.15249
NP_610273,4.23684,4.38352,4.28594
NP_001259663,12.4851,18.3812,14.5638
NP_611065,3.01884,4.25633,3.76768
NP_001287236,4.46874,3.87165,4.76592
NP_001259876,38.9425,22.1836,43.5832
NP_611383,1.09289,1.1281,0.813728
NP_650301,6.44097,8.86357,4.70164
NP_723549,1.66985,1.38236,1.86514
NP_649539,294.683,394.116,482.08
NP_651621,1.00058,1.0499,1.20543
NP_725252,3.53524,2.92258,3.6542
NP_001261111,1.08674,0.532273,1.00537
AAG16723,1.07781,0.720643,0.925323
NP_001188832,0.162185,0,0
NP_609037,24.6548,13.7715,23.8514
NP_649898,2.4252,2.77116,2.37961
ACL68756,0.451464,0.446137,0.646453
NP_650774,17.6113,12.7298,19.7923
NP_001097742,3.07686,1.87044,3.49267
NP_523473,6.56813,4.20747,6.97193
NP_647717,0.380839,0.361519,0.488418
NP_649202,1.73845,2.16301,1.64182
NP_611410,0.788497,0.911818,0.918239
NP_650067,6.89574,7.84446,7.51424
NP_001262699,0.845709,0.926495,1.01038
NP_001261508,0.126326,0.309651,0.33894
NP_001285661,7.60915,5.32631,7.62825
NP_001284791,0.356002,0.490535,0.461184
AAL48551,15.3515,8.02196,13.9815
NP_650695,2.01996,1.54529,1.47551
NP_609787,0.840714,1.55113,1.01007
NP_001261742,52.0701,28.7631,52.6331
NP_649588,11.6503,9.83307,11.038
NP_001286159,1.15104,0.843677,0.911022
NP_610605,0.970202,0.838749,0.961009
NP_001189122,3.48537,3.21735,2.29046
ALJ83355,2.33207,1.74893,1.86169
NP_476902,2.46687,3.14944,3.65189
NP_523676,7.03033,5.67965,16.1635
NP_723401,3.63946,4.68405,3.05819
NP_477006,5.87776,4.58938,5.19011
NP_611604,73.8491,97.7906,70.4508
NP_609949,3.52651,2.68012,2.67311
AAL13689,4.49327,5.62952,4.73381
NP_524910,12.9528,7.25719,9.97748
NP_649324,0.312154,0.318861,0.177897
NP_001163296,22.8433,10.7303,23.7284
ACQ66049,2.33243,2.70608,2.15989
NP_001263149,0.640618,0.587904,0.696975
NP_524476,5.6266,4.71556,6.30513
NP_649569,1.47857,1.63952,1.25613
NP_001247111,114.884,114.763,127.227
NP_001245509,19.5797,11.0242,18.6694
NP_611840,6.01043,5.74211,5.45225
NP_001284909,1.00212,0.72231,0.639063
NP_001259462,12.2474,9.0099,10.2594
NP_001188586,1.67466,1.66058,1.56111
NP_731599,9.15654,11.4013,8.49607
NP_001245766,2.38862,2.72976,2.57916
NP_609327,1.50267,1.87294,1.50455
NP_001262354,0.29098,0.160185,0.183983
NP_001287349,3.0105,3.01177,3.87309
AAL28680,0.604345,0.278903,0.62103
NP_001285018,23.3365,14.462,27.4841
NP_608511,0.810679,0.73883,0.731904
NP_572532,2.74988,1.79704,2.02305
NP_001261593,1.09376,1.19437,1.42773
NP_001285657,31.9222,20.0147,36.8075
AAY55376,1.19762,0.985826,1.14761
NP_001260015,0.323998,0.143717,0.496863
NP_647981,3.58364,3.08072,3.19996
NP_730982,0.84951,0.864572,1.04706
NP_001163080,4.50965,3.49105,4.15063
NP_651177,10.31,7.83892,7.87216
AAL90071,11.9896,8.54726,8.68084
NP_569948,1.67411,1.44572,1.57492
NP_648241,1.03698,1.16728,0.868383
ABC86396,0.728693,0.639795,0.805012
NP_523582,13.7138,12.0069,12.6598
NP_001286342,4.61994,3.95227,3.20574
NP_001286566,6.60821,6.38977,6.14503
NP_572311,0.54488,0.525978,0.468028
NP_572337,2.18492,2.04585,1.5258
NP_001286300,25.5937,66.107,23.8224
NP_729916,0.994764,1.60028,0.847011
NP_001262698,0.665776,1.04094,0.188883
NP_610343,2.59236,4.7961,3.75118
NP_511074,2.23746,2.0358,2.9088
NP_611983,69.1098,85.4297,59.3663
NP_610737,1.3461,0.889735,1.67756
NP_609404,1.52482,2.24146,1.65579
NP_001263083,0.529069,0.84066,0.448448
NP_001285679,0.418419,0.425729,0.525907
NP_001036740,1.32054,1.64258,1.77933
NP_996031,1.64103,1.8113,1.56836
NP_732364,3.0793,2.23978,3.21059
NP_001097094,29.4381,39.7408,18.3439
NP_649759,3.44824,3.76454,3.61064
NP_524523,1.51011,1.69674,1.38601
NP_724244,7.12324,6.1904,5.15574
CAR94133,0.253593,0.927357,0.657652
NP_001261575,0.953395,0.668704,0.655528
NP_001286891,49.1959,46.8427,56.9403
ABL84937,0.631883,0.723647,0.876025
NP_609190,3.42617,2.92667,3.50077
NP_001189212,0.476721,0.436616,0.609895
AAN71576,17.6189,13.4201,14.3582
NP_477034,45.711,58.0766,45.87
NP_647727,11.5141,54.4524,25.7208
NP_651237,6.5737,2.65695,5.84975
NP_648804,10.2557,9.28325,9.24766
AAY27479,11.1267,11.1183,13.9757
NP_001260872,2.09329,0.972347,2.64332
NP_647830,1.18493,0.769757,1.01659
NP_611177,1.47814,1.48889,1.23815
NP_723994,0.671215,1.08074,0.472361
NP_001285058,76.6772,24.8864,78.7507
NP_001285268,13.6333,22.8885,12.0766
NP_651872,1.66438,1.89249,1.65819
NP_001303458,0.787935,0.59652,0.836229
NP_610398,12.4245,16.5846,17.9153
NP_649157,1.39384,1.44928,1.29803
NP_001262724,2.35446,2.23894,2.30789
NP_610460,11.9369,11.5865,10.3199
NP_523966,3.78697,2.49877,2.25677
NP_001262598,27.1958,29.128,30.7245
NP_732486,22.6153,14.9609,20.5802
NP_001245743,0.708577,0.459917,0.603389
NP_650775,0.74126,0.376213,0.84422
NP_524902,8.93564,9.34782,10.8705
NP_572448,7.74665,3.20844,7.09658
AAN71110,0.116943,0.224397,0.472823
AEU08334,7.29425,8.36476,8.61096
NP_001261152,3.91773,3.81459,4.05167
NP_608779,0.123611,0.135763,0.0690826
NP_610094,0.979429,0.971796,1.06939
NP_001246702,1.30313,0.945603,1.11766
NP_523828,3.39449,1.63424,3.38928
NP_001138001,7.32037,7.35198,7.28178
AEC46900,22.377,20.3723,19.8529
NP_001188899,8.85958,5.07691,9.34936
CAL26784,95.4673,66.135,92.7956
NP_477134,61.0849,73.3912,78.8205
NP_001285124,61.2735,37.4928,58.5615
NP_650975,6.99218,8.57796,9.80691
NP_001260171,5.57551,3.65354,3.99811
NP_608929,7.00617,4.71937,7.42303
NP_001189144,7.46513,7.68468,5.91991
NP_001262430,0.525766,0.116703,0.248978
NP_001261971,1.06185,0.75676,0.922046
NP_001097990,1.07494,0.632157,1.01259
NP_001262561,2.34279,1.71511,2.12892
NP_001246380,2.69315,2.77274,2.56969
CAQ53523,14.0665,12.2086,14.366
NP_001014617,1.69811,1.29034,1.87376
NP_573225,9.94646,9.22025,8.44911
NP_523444,44.1875,28.8454,42.122
NP_649813,5.68537,4.50137,4.55472
NP_001162735,0.304851,0.390068,0.209892
NP_651857,1.04787,1.02828,1.55579
NP_524379,1.3519,1.20121,1.57893
NP_649439,13.0011,34.1588,10.7878
NP_001263093,1.27009,4.13906,1.99847
NP_648582,0.901387,0.782442,1.11999
NP_001259437,1.46573,1.65146,1.76967
NP_001286407,47.666,73.3253,42.0997
AAD27862,9.09127,6.88909,7.62864
NP_001260167,0.534917,0.60342,0.475787
NP_995745,2.1107,2.12487,2.74589
NP_524212,3.09571,2.67229,3.70283
NP_001286617,2.0947,2.20288,2.69196
NP_729715,1.16495,0.620939,1.17896
NP_651649,0.525514,0.915481,0.922335
NP_001262883,10.9638,0.569715,2.42889
NP_524306,4.70286,2.87775,4.5894
NP_477374,2.13064,2.44102,2.5629
NP_608996,6.33438,7.51644,7.5307
NP_001259881,1.04395,1.49094,1.28415
NP_001260878,8.61935,4.98793,7.45387
NP_001260796,16.4966,21.5211,19.2883
NP_524812,0.498803,0.350416,0.460579
NP_001287369,0.669691,0.66022,0.939312
NP_001246059,2.39728,2.2106,2.45127
NP_649768,1.78785,2.53265,1.96395
NP_001260048,6.41113,7.99847,7.09789
NP_724906,30.8337,34.0101,28.1572
NP_650367,2.20996,2.18598,2.01107
AAY85113,1.92199,1.73928,2.17542
NP_523478,34.6121,57.1679,34.6894
NP_524834,57.2006,97.63,59.058
NP_726040,0.397642,0.878364,0.292473
NP_649527,9.24383,7.05744,9.98785
NP_725536,2.12889,2.55789,1.82561
NP_524939,5.36778,5.03728,6.92061
NP_572390,3.82553,3.02492,2.79559
NP_001259780,6.57337,8.19741,8.78308
NP_001260335,12.834,8.70654,11.8933
NP_651224,7.16082,7.578,6.56777
AAM50801,2.50234,2.56185,2.81111
NP_610229,5.07993,7.61971,5.79135
NP_648665,17.8267,4.68715,20.9291
CAL26402,1.67265,1.27995,1.29305
AAL28156,2.30891,1.35386,2.44433
NP_611045,1.04696,0.937762,1.28604
NP_651351,6.03451,4.77201,4.52928
NP_001287520,0.492089,0.807533,0.587424
NP_001138023,1.78798,1.60004,1.77145
NP_647670,0.115521,0.0767076,0.0543367
NP_524032,5.17321,5.57667,5.1501
NP_648992,0.0985069,0.329743,0.181831
NP_569880,1.57601,1.26949,1.31527
NP_001262358,1.08407,1.21983,1.39181
NP_001286691,14.958,9.70676,12.3697
NP_650338,4.26929,5.19385,5.16092
NP_648377,3.33959,5.15255,3.34003
NP_610183,1.59306,1.11989,2.06124
NP_609590,3.87734,3.24903,2.09386
NP_001261143,7.91292,8.94829,12.2334
NP_523893,5.00801,5.19909,4.95878
NP_001259135,9.49954,9.36108,8.59693
NP_648144,2.64031,2.35297,2.94757
AAA28840,1.37095,1.90738,1.74896
NP_649585,15.8466,9.58657,13.2228
NP_524284,6.36603,5.79352,6.77483
NP_731132,0.143253,0.300506,0.205264
AAM11320,0.77002,1.38938,0.969402
NP_648731,3.9562,3.62072,4.30168
NP_650708,1.32166,1.04275,1.41429
AAL68373,2.94686,2.7971,3.57624
AAQ23546,0.489952,0.345164,0.576835
NP_001033805,2.76787,2.61133,2.61918
NP_001259880,0.442395,0.497147,0.416938
NP_001137924,0.108832,0.207242,0.154082
NP_001260063,1.66771,1.20695,1.42582
NP_649908,7.68194,5.45,9.90836
NP_610591,3.76639,3.32535,2.70946
NP_727152,2.86641,1.49413,3.15879
NP_608336,5.09505,4.57699,6.19697
NP_001286776,0.644985,0.757063,0.540862
NP_001137607,1.91123,0.9398,0.91925
NP_001262483,0.627249,0.460403,0.718548
NP_649517,0.147709,0.551352,0.17424
ADZ99413,1.60037,1.29172,1.00156
NP_729406,2.6155,4.61458,1.99532
NP_524690,8.00883,7.81907,8.29604
AAL39388,2.91706,2.19795,3.29383
NP_001036624,1.34623,1.40122,2.76853
NP_001285813,2.41292,1.48765,2.16644
NP_648289,3.12169,2.647,2.57646
NP_001286525,5.63144,5.69671,6.91051
NP_001261333,2.29868,3.01851,2.16139
NP_001162723,2.37804,1.89984,2.19154
NP_523969,2.45388,1.67246,2.55038
NP_648756,0.854939,1.11893,0.834106
NP_477440,0.603989,0.693904,0.866013
NP_001246429,0,0.306344,1.00E-09
NP_001247343,0.495842,0.583598,0.626435
CBA35291,2.87103,3.27294,3.8733
NP_001261931,0.3109,0.482044,0.652375
NP_651411,1.4368,1.43453,1.56769
NP_611022,4.42985,3.19267,5.07921
NP_001138153,0.109042,0.0727188,0.229395
NP_650662,3.93212,2.8506,3.34667
NP_649541,5.01383,3.78842,5.94609
QGU34111,0.565125,0.708731,0.764561
AAM29494,10.3118,11.1905,7.58104
NP_001303375,0.190474,0.578932,0.0791451
NP_570012,7.72496,2.89068,4.83081
NP_572524,6.19774,8.23537,7.26769
NP_524026,1.50607,2.22106,1.84782
NP_524815,0.716463,0.776042,0.638522
NP_523957,5.06684,5.49566,4.29943
NP_610676,125.106,81.3526,117.316
NP_651363,9.74742,9.38577,11.1511
AAF20166,8.04612,3.72464,7.21035
NP_648639,1.89351,1.74101,1.78753
NP_001285565,1.68213,1.4389,2.43752
NP_001260765,0.810348,0.767072,0.790498
NP_650582,1.20866,1.26257,1.528
NP_648451,0.590827,0.61033,0.650994
NP_524103,52.3931,14.4346,56.7622
NP_609202,11.9349,10.4487,11.2171
NP_610720,0.947634,1.74615,1.70975
NP_649850,8.73096,9.26462,7.64901
NP_649252,34.0097,29.9773,28.5273
NP_572522,0.573984,0.553262,0.774962
NP_724783,2.12778,2.196,2.21761
NP_001286406,0.565071,0.395691,0.702061
NP_648021,0,0,0.247533
NP_001285316,17.6557,14.6489,17.1862
AAL89949,0.961745,0.960659,1.13717
AAY84892,1.24762,1.29861,1.22159
NP_730051,4.27328,2.65774,4.58238
NP_001286116,2.02711,2.66458,2.47469
NP_609607,2.2986,1.96948,2.09945
NP_477210,35.6497,35.0005,40.8844
NP_648176,1.27454,1.16073,1.18945
NP_001285881,0.697561,0.625589,0.616174
NP_652072,0.636813,0.504832,0.605099
NP_001036566,1.26992,1.30392,1.1475
NP_001015321,5.70189,10.039,7.13256
NP_610296,8.96,10.0945,8.64497
NP_001104479,0.793652,0.389358,0.912393
NP_572573,24.9807,43.0949,28.804
NP_001260668,1.26505,0.561811,1.50752
NP_001285439,3.02217,2.93365,3.1326
NP_476954,1.11736,1.03454,1.10427
NP_001285026,1.80649,1.68058,1.59905
AAF02535,1.58771,0.882622,1.66255
NP_001246150,1.76348,0.894176,2.33164
NP_569851,18.7839,18.0925,14.6694
AAL47978,3.037,2.2723,3.11197
NP_611933,1.31901,1.69443,1.33879
AAB59251,0.488889,0.424397,0.733385
NP_001014713,0.721997,0.649074,0.657633
NP_523732,0.871986,0.483327,0.465592
NP_647991,0.280842,0.197155,0.714742
AAF40432,2.5935,1.76719,2.51258
NP_524022,5.48444,3.08191,5.96133
NP_524697,0.155744,0.310111,0.24351
NP_608612,4.06871,4.61755,4.5663
NP_651196,5.64784,4.72959,4.34094
NP_609617,2.33141,2.66393,2.6008
NP_649160,11.1031,8.03548,10.243
AAL89989,0.842769,0.449782,0.464778
NP_524776,31.2052,15.2365,30.9995
NP_476816,0.100063,0,0.087087
NP_650547,0.6384,0.749767,0.733896
NP_610169,2.62776,3.41611,2.91911
NP_477114,2.63284,2.35452,2.39329
NP_001138013,9.21283,8.88019,9.41514
BAB68242,1.02837,0.957181,1.52744
NP_477224,1.50965,0.843359,1.3299
NP_523837,0.736859,0.88059,1.07077
NP_001259363,2.44718,2.18773,1.54383
NP_001285787,0.64041,0.486164,0.657253
NP_995814,1.28841,1.66065,1.09784
NP_001261786,12.1491,17.1965,15.8981
NP_001033852,1.2635,0.933564,0.703226
NP_001261265,8.78484,5.55392,4.98371
NP_610617,2.86101,3.30705,3.55997
NP_647804,2.24519,1.5374,1.89602
NP_610712,1.88171,1.69367,2.36049
NP_648603,2.05671,2.44963,2.96898
NP_524758,1.95648,1.76328,2.86044
NP_610355,0.689951,0.516574,0.487457
NP_001097853,3.70268,3.08464,3.57473
NP_609993,0,0.389622,0.552612
NP_001188938,0.685524,0.60436,0.744094
NP_523671,4.50917,2.87615,4.15159
ADX35943,10.6646,9.65423,10.6924
AAS93764,0.316707,0.26112,0.540914
NP_573324,1.86908,2.09449,2.27502
NP_731331,1.9694,1.35459,1.63245
NP_001303433,1.353,1.01932,0.838645
NP_001261780,4.11318,3.8595,3.35436
NP_001285788,0.191456,0.435878,0.179851
NP_573098,24.4813,14.9092,22.5378
AAG42828,0.678579,0.542953,0.880341
NP_610677,3.59181,4.23958,3.74146
NP_724597,0.400215,0.377261,0.191988
NP_648642,8.70472,9.81725,8.78369
AAQ22403,1.37846,1.40425,1.17068
NP_648486,1.79901,1.46525,1.62397
ACM79337,0.63421,0.55467,0.710959
NP_001262379,11.2237,12.2341,12.0193
NP_723568,2.77369,3.72243,3.10051
NP_573334,0.97039,0.73821,0.883917
NP_001246698,0.976053,1.05566,1.12846
NP_610846,0.757659,0.521355,0.911174
AAL68124,5.64016,7.87712,6.22363
NP_609500,0.542978,0.355894,0.21907
NP_573247,5.11603,5.0179,4.7985
NP_609228,0.388243,0.318666,0.409185
NP_524453,0.526087,0.636812,0.380609
